fips_code,state,state_name,county,new_cases_7_day_rolling_average,new_deaths_7_day_rolling_average,new_test_results_reported_7_day_rolling_average,percent_positive_7_day,admissions_covid_confirmed_7_day_rolling_average,percent_adult_inpatient_beds_used_confirmed_covid,percent_adult_icu_beds_used_confirmed_covid,date,report_date_window_start,report_date_window_end,community_transmission_level,community_transmission_level_integer,hsa_num
17031,IL,,Cook County,0,0,0.0,,,,,2020-01-22,2020-01-16,2020-01-22,,,
17031,IL,,Cook County,0,0,0.0,,,,,2020-01-23,2020-01-17,2020-01-23,,,
17031,IL,,Cook County,0,0,0.0,,,,,2020-01-24,2020-01-18,2020-01-24,,,
17031,IL,,Cook County,0,0,0.0,,,,,2020-01-25,2020-01-19,2020-01-25,,,
17031,IL,,Cook County,0,0,0.0,,,,,2020-01-26,2020-01-20,2020-01-26,,,
17031,IL,,Cook County,0,0,0.0,,,,,2020-01-27,2020-01-21,2020-01-27,,,
17031,IL,,Cook County,0,0,0.0,,,,,2020-01-28,2020-01-22,2020-01-28,,,
17031,IL,,Cook County,0,0,0.0,,,,,2020-02-07,2020-02-01,2020-02-07,,,
17031,IL,,Cook County,0,0,0.0,,,,,2020-02-08,2020-02-02,2020-02-08,,,
17031,IL,,Cook County,0,0,0.0,,,,,2020-02-09,2020-02-03,2020-02-09,,,
17031,IL,,Cook County,0,0,0.0,,,,,2020-02-10,2020-02-04,2020-02-10,,,
17031,IL,,Cook County,0,0,0.0,,,,,2020-02-11,2020-02-05,2020-02-11,,,
17031,IL,,Cook County,0,0,0.0,,,,,2020-02-12,2020-02-06,2020-02-12,,,
17031,IL,,Cook County,0,0,0.0,,,,,2020-02-13,2020-02-07,2020-02-13,,,
17031,IL,,Cook County,0,0,0.0,,,,,2020-02-14,2020-02-08,2020-02-14,,,
17031,IL,,Cook County,0,0,0.0,,,,,2020-02-15,2020-02-09,2020-02-15,,,
17031,IL,,Cook County,0,0,0.0,,,,,2020-02-16,2020-02-10,2020-02-16,,,
17031,IL,,Cook County,0,0,0.0,,,,,2020-02-17,2020-02-11,2020-02-17,,,
17031,IL,,Cook County,0,0,0.0,,,,,2020-02-18,2020-02-12,2020-02-18,,,
17031,IL,,Cook County,0,0,0.0,,,,,2020-02-19,2020-02-13,2020-02-19,,,
17031,IL,,Cook County,0,0,0.0,,,,,2020-02-20,2020-02-14,2020-02-20,,,
17031,IL,,Cook County,0,0,0.0,,,,,2020-02-21,2020-02-15,2020-02-21,,,
17031,IL,,Cook County,0,0,0.0,,,,,2020-02-22,2020-02-16,2020-02-22,,,
17031,IL,,Cook County,0,0,0.0,,,,,2020-02-23,2020-02-17,2020-02-23,,,
17031,IL,,Cook County,0,0,0.0,,,,,2020-02-24,2020-02-18,2020-02-24,,,
17031,IL,,Cook County,0,0,0.0,,,,,2020-02-25,2020-02-19,2020-02-25,,,
17031,IL,,Cook County,0,0,0.0,,,,,2020-02-26,2020-02-20,2020-02-26,,,
17031,IL,,Cook County,0,0,0.0,,,,,2020-02-27,2020-02-21,2020-02-27,,,
17031,IL,,Cook County,0,0,0.0,,,,,2020-02-28,2020-02-22,2020-02-28,,,
17031,IL,,Cook County,0,0,0.0,,,,,2020-02-29,2020-02-23,2020-02-29,,,
17031,IL,,Cook County,1.85714,0,62.86,,,,,2020-03-10,2020-03-04,2020-03-10,,,
17031,IL,,Cook County,1034.29,63.1429,4485.29,,,,,2020-04-22,2020-04-16,2020-04-22,,,
17031,IL,,Cook County,1045.29,54.7143,8544.86,,,,,2020-05-29,2020-05-23,2020-05-29,,,
17031,IL,,Cook County,107.714,suppressed,1135.43,,,,,2020-03-22,2020-03-16,2020-03-22,,,
17031,IL,,Cook County,1103.43,60,4816.71,,,,,2020-04-23,2020-04-17,2020-04-23,,,
17031,IL,,Cook County,1107.86,57.8571,8093.0,,,,,2020-05-28,2020-05-22,2020-05-28,,,
17031,IL,,Cook County,1175,65.7143,5152.71,,,,,2020-04-24,2020-04-18,2020-04-24,,,
17031,IL,,Cook County,1186.86,54.4286,7995.0,,,,,2020-05-27,2020-05-21,2020-05-27,,,
17031,IL,,Cook County,12.8571,suppressed,369.43,,,,,2020-03-17,2020-03-11,2020-03-17,,,
17031,IL,,Cook County,120.714,suppressed,1342.43,,,,,2020-03-23,2020-03-17,2020-03-23,,,
17031,IL,,Cook County,1237.57,58.1429,5491.14,,,,,2020-04-25,2020-04-19,2020-04-25,,,
17031,IL,,Cook County,1292,60.7143,8769.86,,,,,2020-05-22,2020-05-16,2020-05-22,,,
17031,IL,,Cook County,1299.14,62.7143,8837.86,,,,,2020-05-21,2020-05-15,2020-05-21,,,
17031,IL,,Cook County,1304,53.4286,8013.0,,,,,2020-05-26,2020-05-20,2020-05-26,,,
17031,IL,,Cook County,1315,61.7143,8781.43,,,,,2020-05-23,2020-05-17,2020-05-23,,,
17031,IL,,Cook County,1317.29,75.8571,8634.43,,,,,2020-05-19,2020-05-13,2020-05-19,,,
17031,IL,,Cook County,1328.86,62.2857,5800.0,,,,,2020-04-26,2020-04-20,2020-04-26,,,
17031,IL,,Cook County,1343.86,62.1429,8147.71,,,,,2020-05-25,2020-05-19,2020-05-25,,,
17031,IL,,Cook County,1362.57,78.5714,8246.86,,,,,2020-05-16,2020-05-10,2020-05-16,,,
17031,IL,,Cook County,1366.14,74.5714,8396.43,,,,,2020-05-17,2020-05-11,2020-05-17,,,
17031,IL,,Cook County,1380.86,79.8571,7926.57,,,,,2020-05-11,2020-05-05,2020-05-11,,,
17031,IL,,Cook County,1381.29,80.7143,8120.57,,,,,2020-05-15,2020-05-09,2020-05-15,,,
17031,IL,,Cook County,1388.14,83.5714,8142.86,,,,,2020-05-13,2020-05-07,2020-05-13,,,
17031,IL,,Cook County,1398.86,66.4286,8771.86,,,,,2020-05-24,2020-05-18,2020-05-24,,,
17031,IL,,Cook County,1401,69.2857,8860.14,,,,,2020-05-20,2020-05-14,2020-05-20,,,
17031,IL,,Cook County,1407.43,61.7143,5921.43,,,,,2020-04-27,2020-04-21,2020-04-27,,,
17031,IL,,Cook County,1445.14,80.7143,8163.71,,,,,2020-05-14,2020-05-08,2020-05-14,,,
17031,IL,,Cook County,1463.86,75.2857,8107.14,,,,,2020-05-12,2020-05-06,2020-05-12,,,
17031,IL,,Cook County,1466.86,65,6114.14,,,,,2020-04-28,2020-04-22,2020-04-28,,,
17031,IL,,Cook County,1472.71,75.4286,8499.0,,,,,2020-05-18,2020-05-12,2020-05-18,,,
17031,IL,,Cook County,1475.86,75.8571,7939.43,,,,,2020-05-10,2020-05-04,2020-05-10,,,
17031,IL,,Cook County,1476.29,63.4286,6184.86,,,,,2020-04-29,2020-04-23,2020-04-29,,,
17031,IL,,Cook County,1528.86,66.4286,6348.43,,,,,2020-04-30,2020-04-24,2020-04-30,,,
17031,IL,,Cook County,155.286,1.57143,1541.43,,,,,2020-03-24,2020-03-18,2020-03-24,,,
17031,IL,,Cook County,1578.86,64.7143,6389.0,,,,,2020-05-01,2020-04-25,2020-05-01,,,
17031,IL,,Cook County,1595.57,68,6456.0,,,,,2020-05-02,2020-04-26,2020-05-02,,,
17031,IL,,Cook County,1635.29,74.4286,8074.86,,,,,2020-05-09,2020-05-03,2020-05-09,,,
17031,IL,,Cook County,1652.57,74.8571,7984.14,,,,,2020-05-08,2020-05-02,2020-05-08,,,
17031,IL,,Cook County,1678.57,67.5714,6643.0,,,,,2020-05-03,2020-04-27,2020-05-03,,,
17031,IL,,Cook County,1680.29,65,6937.0,,,,,2020-05-04,2020-04-28,2020-05-04,,,
17031,IL,,Cook County,1682,66.4286,7089.14,,,,,2020-05-05,2020-04-29,2020-05-05,,,
17031,IL,,Cook County,1687,69.7143,7343.29,,,,,2020-05-06,2020-04-30,2020-05-06,,,
17031,IL,,Cook County,1689.71,71.8571,7595.43,,,,,2020-05-07,2020-05-01,2020-05-07,,,
17031,IL,,Cook County,177.143,1.71429,1681.43,,,,,2020-03-25,2020-03-19,2020-03-25,,,
17031,IL,,Cook County,2.57143,0,68.0,,,,,2020-03-11,2020-03-05,2020-03-11,,,
17031,IL,,Cook County,22.2857,suppressed,550.71,,,,,2020-03-18,2020-03-12,2020-03-18,,,
17031,IL,,Cook County,232.286,2.28571,1806.57,,,,,2020-03-26,2020-03-20,2020-03-26,,,
17031,IL,,Cook County,261.143,2.42857,2018.14,,,,,2020-03-27,2020-03-21,2020-03-27,,,
17031,IL,,Cook County,295,3.42857,2104.57,,,,,2020-03-28,2020-03-22,2020-03-28,,,
17031,IL,,Cook County,3.14286,0,103.71,,,,,2020-03-12,2020-03-06,2020-03-12,,,
17031,IL,,Cook County,35.8571,suppressed,766.43,,,,,2020-03-19,2020-03-13,2020-03-19,,,
17031,IL,,Cook County,377.143,4.85714,2182.71,,,,,2020-03-29,2020-03-23,2020-03-29,,,
17031,IL,,Cook County,400.714,5,2283.86,,,,,2020-03-30,2020-03-24,2020-03-30,,,
17031,IL,,Cook County,471.714,7,2356.0,,,,,2020-03-31,2020-03-25,2020-03-31,,,
17031,IL,,Cook County,5,0,129.57,,,,,2020-03-13,2020-03-07,2020-03-13,,,
17031,IL,,Cook County,524.429,12.7143,2480.0,,,,,2020-04-02,2020-03-27,2020-04-02,,,
17031,IL,,Cook County,53,suppressed,910.14,,,,,2020-03-20,2020-03-14,2020-03-20,,,
17031,IL,,Cook County,533.429,11.7143,2418.43,,,,,2020-04-01,2020-03-26,2020-04-01,,,
17031,IL,,Cook County,6.28571,0,191.43,,,,,2020-03-15,2020-03-09,2020-03-15,,,
17031,IL,,Cook County,6.42857,0,162.14,,,,,2020-03-14,2020-03-08,2020-03-14,,,
17031,IL,,Cook County,604.857,17.2857,2532.14,,,,,2020-04-03,2020-03-28,2020-04-03,,,
17031,IL,,Cook County,655.571,20.8571,2703.57,,,,,2020-04-05,2020-03-30,2020-04-05,,,
17031,IL,,Cook County,689.429,19.8571,2605.71,,,,,2020-04-04,2020-03-29,2020-04-04,,,
17031,IL,,Cook County,71,suppressed,1021.71,,,,,2020-03-21,2020-03-15,2020-03-21,,,
17031,IL,,Cook County,714.429,23.5714,2792.14,,,,,2020-04-06,2020-03-31,2020-04-06,,,
17031,IL,,Cook County,716.143,26.8571,2831.86,,,,,2020-04-07,2020-04-01,2020-04-07,,,
17031,IL,,Cook County,766.857,31,2880.86,,,,,2020-04-08,2020-04-02,2020-04-08,,,
17031,IL,,Cook County,771.143,47.7143,8881.43,,,,,2020-06-01,2020-05-26,2020-06-01,,,
17031,IL,,Cook County,834.286,34.8571,2864.0,,,,,2020-04-09,2020-04-03,2020-04-09,,,
17031,IL,,Cook County,845,48.2857,8495.57,,,,,2020-05-31,2020-05-25,2020-05-31,,,
17031,IL,,Cook County,854,40.8571,2912.71,,,,,2020-04-11,2020-04-05,2020-04-11,,,
17031,IL,,Cook County,857,36.7143,2874.43,,,,,2020-04-10,2020-04-04,2020-04-10,,,
17031,IL,,Cook County,9.42857,0,256.29,,,,,2020-03-16,2020-03-10,2020-03-16,,,
17031,IL,,Cook County,935.857,42.7143,2849.14,,,,,2020-04-12,2020-04-06,2020-04-12,,,
17031,IL,,Cook County,946.714,61.4286,4032.14,,,,,2020-04-20,2020-04-14,2020-04-20,,,
17031,IL,,Cook County,953.143,53,3354.14,,,,,2020-04-16,2020-04-10,2020-04-16,,,
17031,IL,,Cook County,955.286,56,3799.29,,,,,2020-04-19,2020-04-13,2020-04-19,,,
17031,IL,,Cook County,957.429,51,8558.0,,,,,2020-05-30,2020-05-24,2020-05-30,,,
17031,IL,,Cook County,963.714,39.4286,2886.86,,,,,2020-04-13,2020-04-07,2020-04-13,,,
17031,IL,,Cook County,969.429,45.4286,3191.29,,,,,2020-04-15,2020-04-09,2020-04-15,,,
17031,IL,,Cook County,973.429,46.8571,3054.86,,,,,2020-04-14,2020-04-08,2020-04-14,,,
17031,IL,,Cook County,979.714,60.7143,4216.43,,,,,2020-04-21,2020-04-15,2020-04-21,,,
17031,IL,,Cook County,988.429,51.7143,3571.14,,,,,2020-04-17,2020-04-11,2020-04-17,,,
17031,IL,,Cook County,996.857,58.1429,3706.14,,,,,2020-04-18,2020-04-12,2020-04-18,,,
17031,IL,,Cook County,suppressed,0,0.0,,,,,2020-01-29,2020-01-23,2020-01-29,,,
17031,IL,,Cook County,suppressed,0,0.0,,,,,2020-01-30,2020-01-24,2020-01-30,,,
17031,IL,,Cook County,suppressed,0,0.0,,,,,2020-01-31,2020-01-25,2020-01-31,,,
17031,IL,,Cook County,suppressed,0,0.0,,,,,2020-02-01,2020-01-26,2020-02-01,,,
17031,IL,,Cook County,suppressed,0,0.0,,,,,2020-02-02,2020-01-27,2020-02-02,,,
17031,IL,,Cook County,suppressed,0,0.0,,,,,2020-02-03,2020-01-28,2020-02-03,,,
17031,IL,,Cook County,suppressed,0,0.0,,,,,2020-02-04,2020-01-29,2020-02-04,,,
17031,IL,,Cook County,suppressed,0,0.0,,,,,2020-02-05,2020-01-30,2020-02-05,,,
17031,IL,,Cook County,suppressed,0,0.0,,,,,2020-02-06,2020-01-31,2020-02-06,,,
17031,IL,,Cook County,suppressed,0,0.0,,,,,2020-03-01,2020-02-24,2020-03-01,,,
17031,IL,,Cook County,suppressed,0,2.0,,,,,2020-03-02,2020-02-25,2020-03-02,,,
17031,IL,,Cook County,suppressed,0,29.0,,,,,2020-03-03,2020-02-26,2020-03-03,,,
17031,IL,,Cook County,suppressed,0,32.0,,,,,2020-03-05,2020-02-28,2020-03-05,,,
17031,IL,,Cook County,suppressed,0,33.67,,,,,2020-03-04,2020-02-27,2020-03-04,,,
17031,IL,,Cook County,suppressed,0,44.0,,,,,2020-03-06,2020-02-29,2020-03-06,,,
17031,IL,,Cook County,suppressed,0,44.0,,,,,2020-03-07,2020-03-01,2020-03-07,,,
17031,IL,,Cook County,suppressed,0,46.29,,,,,2020-03-08,2020-03-02,2020-03-08,,,
17031,IL,,Cook County,suppressed,0,54.86,,,,,2020-03-09,2020-03-03,2020-03-09,,,
17031,IL,Illinois,Cook County,1002.71,22.5714,19643.14,,93.43,7.83,13.38,2021-02-05,2021-01-30,2021-02-05,high,3.0,
17031,IL,Illinois,Cook County,1005.14,1.42857,24971.57,3.69,31.57,1.5,1.7,2022-04-14,2022-04-08,2022-04-14,high,3.0,287.0
17031,IL,Illinois,Cook County,1007.29,9.57143,24858.14,3.7,77.71,5.64,11.33,2021-09-07,2021-09-01,2021-09-07,high,3.0,
17031,IL,Illinois,Cook County,1009.29,6.71429,19535.29,4.61,80.29,4.86,7.75,2021-03-29,2021-03-23,2021-03-29,high,3.0,
17031,IL,Illinois,Cook County,1010.29,9.42857,20684.86,4.27,76.0,4.96,9.28,2021-08-27,2021-08-21,2021-08-27,high,3.0,
17031,IL,Illinois,Cook County,1010.29,9.42857,21294.43,4.21,79.43,5.06,9.59,2021-08-28,2021-08-22,2021-08-28,high,3.0,
17031,IL,Illinois,Cook County,1010.29,9.42857,22215.0,4.15,79.14,5.16,9.82,2021-08-29,2021-08-23,2021-08-29,high,3.0,
17031,IL,Illinois,Cook County,1014.14,11.5714,23189.0,4.06,100.71,7.24,13.24,2021-05-05,2021-04-29,2021-05-05,high,3.0,
17031,IL,Illinois,Cook County,1017.14,12.1429,22888.71,4.17,100.71,7.25,13.23,2021-05-04,2021-04-28,2021-05-04,high,3.0,
17031,IL,Illinois,Cook County,1019.71,6.71429,19977.14,6.56,51.86,4.28,8.69,2020-10-13,2020-10-07,2020-10-13,,,
17031,IL,Illinois,Cook County,1020.57,9.14286,34789.71,2.78,72.86,5.7,11.13,2021-09-15,2021-09-09,2021-09-15,high,3.0,
17031,IL,Illinois,Cook County,1020.71,9.57143,36196.0,2.67,67.43,5.64,11.14,2021-09-16,2021-09-10,2021-09-16,high,3.0,
17031,IL,Illinois,Cook County,1020.86,8.14286,24426.57,4.11,78.29,5.27,9.98,2021-08-30,2021-08-24,2021-08-30,high,3.0,
17031,IL,Illinois,Cook County,1023.57,11,33591.0,2.92,76.0,5.79,11.34,2021-09-14,2021-09-08,2021-09-14,high,3.0,
17031,IL,Illinois,Cook County,1024.14,20.4286,19836.57,,96.0,7.98,13.5,2021-02-04,2021-01-29,2021-02-04,high,3.0,
17031,IL,Illinois,Cook County,1024.71,6.85714,20354.43,6.77,51.0,4.33,8.72,2020-10-14,2020-10-08,2020-10-14,,,
17031,IL,Illinois,Cook County,1031.29,10.8571,23306.0,4.27,98.0,7.31,13.2,2021-05-02,2021-04-26,2021-05-02,high,3.0,
17031,IL,Illinois,Cook County,1031.57,12.4286,23187.29,4.24,100.43,7.25,13.22,2021-05-03,2021-04-27,2021-05-03,high,3.0,
17031,IL,Illinois,Cook County,1032,9.14286,20050.86,4.88,81.86,5.05,8.31,2021-03-31,2021-03-25,2021-03-31,high,3.0,
17031,IL,Illinois,Cook County,1032.43,24.1429,41059.14,1.76,74.14,6.3,10.8,2022-02-16,2022-02-10,2022-02-16,high,3.0,
17031,IL,Illinois,Cook County,10383.1,24,58775.0,18.22,370.57,22.49,29.06,2022-01-04,2021-12-29,2022-01-04,high,3.0,
17031,IL,Illinois,Cook County,1039.29,5.71429,43972.29,2.5,49.71,3.93,6.63,2021-11-12,2021-11-06,2021-11-12,high,3.0,
17031,IL,Illinois,Cook County,1039.29,5.71429,44106.14,2.56,52.29,3.98,6.57,2021-11-13,2021-11-07,2021-11-13,high,3.0,
17031,IL,Illinois,Cook County,1039.29,5.71429,44115.0,2.62,53.71,4.06,6.6,2021-11-14,2021-11-08,2021-11-14,high,3.0,
17031,IL,Illinois,Cook County,1039.57,11.7143,23397.57,4.33,97.86,7.38,13.14,2021-05-01,2021-04-25,2021-05-01,high,3.0,
17031,IL,Illinois,Cook County,1044.86,11.4286,23037.14,4.38,104.71,7.52,12.83,2021-04-28,2021-04-22,2021-04-28,high,3.0,
17031,IL,Illinois,Cook County,10489.9,24.8571,56080.43,18.37,364.0,21.47,28.1,2022-01-03,2021-12-28,2022-01-03,high,3.0,
17031,IL,Illinois,Cook County,1051.43,11.8571,23189.57,4.37,101.71,7.44,13.05,2021-04-30,2021-04-24,2021-04-30,high,3.0,
17031,IL,Illinois,Cook County,1053.14,6.71429,19738.57,4.79,79.0,4.95,7.99,2021-03-30,2021-03-24,2021-03-30,high,3.0,
17031,IL,Illinois,Cook County,1053.86,10.2857,23047.0,4.42,107.0,7.55,12.86,2021-04-27,2021-04-21,2021-04-27,high,3.0,
17031,IL,Illinois,Cook County,1056,26.5714,40152.57,1.88,77.57,6.6,11.1,2022-02-15,2022-02-09,2022-02-15,high,3.0,
17031,IL,Illinois,Cook County,1058.71,2.42857,23835.43,4.29,29.0,1.4,1.5,2022-04-18,2022-04-12,2022-04-18,high,3.0,287.0
17031,IL,Illinois,Cook County,1063.29,11.7143,22837.0,4.38,104.14,7.49,12.87,2021-04-29,2021-04-23,2021-04-29,high,3.0,
17031,IL,Illinois,Cook County,1064.43,9.28571,22779.57,4.53,107.43,7.62,12.88,2021-04-26,2021-04-20,2021-04-26,high,3.0,
17031,IL,Illinois,Cook County,10662.7,24.4286,62929.86,17.35,378.14,23.43,29.88,2022-01-05,2021-12-30,2022-01-05,high,3.0,
17031,IL,Illinois,Cook County,1067.29,10,22746.71,4.54,111.0,7.65,12.9,2021-04-25,2021-04-19,2021-04-25,high,3.0,
17031,IL,Illinois,Cook County,1067.29,22.7143,41239.29,1.67,66.29,5.6,9.9,2022-02-18,2022-02-12,2022-02-18,high,3.0,
17031,IL,Illinois,Cook County,1067.29,22.7143,42101.86,1.58,61.71,5.1,8.7,2022-02-20,2022-02-14,2022-02-20,high,3.0,
17031,IL,Illinois,Cook County,1067.29,22.7143,42447.86,1.6,63.43,5.3,9.3,2022-02-19,2022-02-13,2022-02-19,high,3.0,
17031,IL,Illinois,Cook County,107,4,11161.57,1.0,17.29,1.05,1.82,2021-07-09,2021-07-03,2021-07-09,moderate,1.0,
17031,IL,Illinois,Cook County,107,4,11246.57,1.04,18.57,1.04,1.72,2021-07-10,2021-07-04,2021-07-10,moderate,1.0,
17031,IL,Illinois,Cook County,107,4,11475.71,1.13,20.14,1.05,1.63,2021-07-11,2021-07-05,2021-07-11,moderate,1.0,
17031,IL,Illinois,Cook County,1080.43,8.57143,26952.86,3.71,76.29,5.43,10.25,2021-09-02,2021-08-27,2021-09-02,high,3.0,
17031,IL,Illinois,Cook County,1080.71,7.57143,20556.71,6.94,54.0,4.43,8.87,2020-10-15,2020-10-09,2020-10-15,,,
17031,IL,Illinois,Cook County,1084.43,8.42857,25966.71,3.99,75.29,5.34,10.06,2021-08-31,2021-08-25,2021-08-31,high,3.0,
17031,IL,Illinois,Cook County,1085.43,24.2857,20122.43,,99.29,8.18,13.61,2021-02-03,2021-01-28,2021-02-03,high,3.0,
17031,IL,Illinois,Cook County,1086.71,8,26581.14,3.83,77.14,5.42,10.06,2021-09-01,2021-08-26,2021-09-01,high,3.0,
17031,IL,Illinois,Cook County,1089.86,6.42857,44799.14,2.63,57.57,4.16,6.72,2021-11-15,2021-11-09,2021-11-15,high,3.0,
17031,IL,Illinois,Cook County,109,8.28571,16932.86,0.58,24.86,2.12,4.46,2021-06-16,2021-06-10,2021-06-16,moderate,1.0,
17031,IL,Illinois,Cook County,10936.1,72.8571,61624.57,7.51,238.29,20.76,27.46,2022-01-24,2022-01-18,2022-01-24,high,3.0,
17031,IL,Illinois,Cook County,10937.9,42.7143,68911.57,14.04,420.29,27.54,30.96,2022-01-13,2022-01-07,2022-01-13,high,3.0,
17031,IL,Illinois,Cook County,1099,4,23779.0,4.26,30.86,1.4,1.5,2022-04-19,2022-04-13,2022-04-19,high,3.0,287.0
17031,IL,Illinois,Cook County,1099.29,8.42857,22927.57,4.55,118.29,7.66,12.91,2021-04-24,2021-04-18,2021-04-24,high,3.0,
17031,IL,Illinois,Cook County,1104,8.85714,23024.14,4.63,119.57,7.64,13.03,2021-04-23,2021-04-17,2021-04-23,high,3.0,
17031,IL,Illinois,Cook County,1108.86,9,26805.71,3.68,74.43,5.41,10.46,2021-09-03,2021-08-28,2021-09-03,high,3.0,
17031,IL,Illinois,Cook County,1108.86,9,27214.86,3.67,74.86,5.48,10.87,2021-09-05,2021-08-30,2021-09-05,high,3.0,
17031,IL,Illinois,Cook County,1108.86,9,27286.57,3.63,72.29,5.42,10.65,2021-09-04,2021-08-29,2021-09-04,high,3.0,
17031,IL,Illinois,Cook County,111.571,7.85714,16876.14,0.65,26.57,2.21,4.57,2021-06-15,2021-06-09,2021-06-15,moderate,1.0,
17031,IL,Illinois,Cook County,1120.43,23.8571,20237.57,,103.14,8.33,13.63,2021-02-02,2021-01-27,2021-02-02,high,3.0,
17031,IL,Illinois,Cook County,1121.43,32.5714,42290.14,2.19,91.57,7.65,11.58,2022-02-13,2022-02-07,2022-02-13,high,3.0,
17031,IL,Illinois,Cook County,1121.43,32.5714,42435.29,2.37,100.14,8.06,12.11,2022-02-12,2022-02-06,2022-02-12,high,3.0,
17031,IL,Illinois,Cook County,1121.43,32.5714,44245.86,2.49,107.57,8.45,12.7,2022-02-11,2022-02-05,2022-02-11,high,3.0,
17031,IL,Illinois,Cook County,1125.86,6.28571,44472.29,2.69,60.14,4.23,6.86,2021-11-16,2021-11-10,2021-11-16,high,3.0,
17031,IL,Illinois,Cook County,1131,8.71429,20226.0,4.93,84.86,5.13,8.69,2021-04-01,2021-03-26,2021-04-01,high,3.0,
17031,IL,Illinois,Cook County,11360.1,24.7143,65067.43,16.79,385.43,24.31,30.71,2022-01-06,2021-12-31,2022-01-06,high,3.0,
17031,IL,Illinois,Cook County,1140.71,6.14286,43225.0,2.84,61.57,4.34,6.96,2021-11-17,2021-11-11,2021-11-17,high,3.0,
17031,IL,Illinois,Cook County,1149.43,8.28571,23324.14,4.68,121.57,7.64,13.14,2021-04-22,2021-04-16,2021-04-22,high,3.0,
17031,IL,Illinois,Cook County,1152.14,29.7143,40453.0,2.08,83.71,7.26,11.13,2022-02-14,2022-02-08,2022-02-14,high,3.0,
17031,IL,Illinois,Cook County,1153.86,9.28571,22098.29,4.69,85.29,5.2,8.98,2021-04-02,2021-03-27,2021-04-02,high,3.0,
17031,IL,Illinois,Cook County,1159.86,9.57143,21850.71,4.77,89.29,5.3,9.39,2021-04-04,2021-03-29,2021-04-04,high,3.0,
17031,IL,Illinois,Cook County,1170.43,7.85714,23348.43,4.82,123.57,7.61,13.08,2021-04-21,2021-04-15,2021-04-21,high,3.0,
17031,IL,Illinois,Cook County,1177,9.28571,22190.57,4.75,87.29,5.24,9.23,2021-04-03,2021-03-28,2021-04-03,high,3.0,
17031,IL,Illinois,Cook County,1179.71,7.14286,20867.86,7.26,85.57,4.55,8.98,2020-10-16,2020-10-10,2020-10-16,,,
17031,IL,Illinois,Cook County,11850.4,39.2857,67586.0,14.81,423.71,27.43,31.27,2022-01-12,2022-01-06,2022-01-12,high,3.0,
17031,IL,Illinois,Cook County,1192.14,10.2857,22073.14,4.9,89.86,5.41,9.6,2021-04-05,2021-03-30,2021-04-05,high,3.0,
17031,IL,Illinois,Cook County,11975.6,34.5714,67674.0,15.74,418.71,27.14,31.57,2022-01-11,2022-01-05,2022-01-11,high,3.0,
17031,IL,Illinois,Cook County,120.286,6.85714,16133.86,0.75,26.0,2.3,4.72,2021-06-14,2021-06-08,2021-06-14,moderate,1.0,
17031,IL,Illinois,Cook County,12059.1,33.4286,70151.14,16.32,418.71,26.76,31.75,2022-01-10,2022-01-04,2022-01-10,high,3.0,
17031,IL,Illinois,Cook County,1207.14,22,20383.57,,106.0,8.52,13.93,2021-02-01,2021-01-26,2021-02-01,high,3.0,
17031,IL,Illinois,Cook County,1209.29,6.14286,40556.14,3.37,80.14,5.61,9.22,2021-11-25,2021-11-19,2021-11-25,high,3.0,
17031,IL,Illinois,Cook County,1217.57,9,23568.86,4.9,124.57,7.51,13.12,2021-04-20,2021-04-14,2021-04-20,high,3.0,
17031,IL,Illinois,Cook County,1217.71,9.14286,22403.71,4.98,96.29,5.54,9.62,2021-04-06,2021-03-31,2021-04-06,high,3.0,
17031,IL,Illinois,Cook County,1228.86,4,22203.0,4.35,32.57,1.5,1.6,2022-04-21,2022-04-15,2022-04-21,high,3.0,287.0
17031,IL,Illinois,Cook County,1231.43,3.71429,22574.86,4.38,31.29,1.4,1.5,2022-04-20,2022-04-14,2022-04-20,high,3.0,287.0
17031,IL,Illinois,Cook County,1237.71,9.14286,23900.71,4.97,126.0,7.43,13.06,2021-04-19,2021-04-13,2021-04-19,high,3.0,
17031,IL,Illinois,Cook County,1243.71,7.42857,21487.43,7.48,117.29,4.62,9.02,2020-10-17,2020-10-11,2020-10-17,,,
17031,IL,Illinois,Cook County,1243.86,22.7143,20572.86,,107.86,8.69,14.19,2021-01-31,2021-01-25,2021-01-31,high,3.0,
17031,IL,Illinois,Cook County,1259.86,8.71429,47422.14,2.78,66.71,4.62,7.29,2021-11-19,2021-11-13,2021-11-19,high,3.0,
17031,IL,Illinois,Cook County,1259.86,8.71429,48503.14,2.84,68.57,4.75,7.56,2021-11-20,2021-11-14,2021-11-20,high,3.0,
17031,IL,Illinois,Cook County,1259.86,8.71429,49366.43,2.92,71.29,4.91,7.82,2021-11-21,2021-11-15,2021-11-21,high,3.0,
17031,IL,Illinois,Cook County,126.857,7.85714,15450.14,0.82,27.29,2.4,4.91,2021-06-13,2021-06-07,2021-06-13,moderate,1.0,
17031,IL,Illinois,Cook County,1274.43,9.85714,23980.29,5.07,127.0,7.33,12.96,2021-04-18,2021-04-12,2021-04-18,high,3.0,
17031,IL,Illinois,Cook County,1277.57,7.28571,22630.14,5.19,96.71,5.68,9.53,2021-04-07,2021-04-01,2021-04-07,high,3.0,
17031,IL,Illinois,Cook County,128,3.42857,12215.86,1.19,21.14,1.05,1.52,2021-07-13,2021-07-07,2021-07-13,moderate,1.0,
17031,IL,Illinois,Cook County,1285.29,10,22904.43,5.31,99.71,5.81,9.62,2021-04-08,2021-04-02,2021-04-08,high,3.0,
17031,IL,Illinois,Cook County,1288,9.71429,24138.0,5.18,124.86,7.24,12.83,2021-04-17,2021-04-11,2021-04-17,high,3.0,
17031,IL,Illinois,Cook County,1298.86,8.42857,23674.29,5.37,105.86,5.98,9.85,2021-04-09,2021-04-03,2021-04-09,high,3.0,
17031,IL,Illinois,Cook County,1300.14,6.85714,35412.57,4.49,90.71,6.4,10.88,2021-11-30,2021-11-24,2021-11-30,high,3.0,
17031,IL,Illinois,Cook County,1306,22.5714,20801.86,,110.86,8.86,14.44,2021-01-30,2021-01-24,2021-01-30,high,3.0,
17031,IL,Illinois,Cook County,1309,5.85714,33681.86,4.25,87.86,6.25,10.59,2021-11-29,2021-11-23,2021-11-29,high,3.0,
17031,IL,Illinois,Cook County,131.571,8.85714,14467.29,0.94,30.29,2.48,5.07,2021-06-12,2021-06-06,2021-06-12,moderate,1.0,
17031,IL,Illinois,Cook County,1314.29,11.5714,31259.14,3.25,78.57,5.85,11.39,2021-09-13,2021-09-07,2021-09-13,high,3.0,
17031,IL,Illinois,Cook County,1318.14,4,22785.57,4.21,35.43,1.7,1.8,2022-04-24,2022-04-18,2022-04-24,high,3.0,287.0
17031,IL,Illinois,Cook County,1318.14,4,22950.57,4.11,36.14,1.6,1.7,2022-04-23,2022-04-17,2022-04-23,high,3.0,287.0
17031,IL,Illinois,Cook County,1318.14,4,22975.71,4.17,35.86,1.5,1.7,2022-04-22,2022-04-16,2022-04-22,high,3.0,287.0
17031,IL,Illinois,Cook County,1319.71,7,38407.0,4.4,95.0,6.58,11.1,2021-12-01,2021-11-25,2021-12-01,high,3.0,
17031,IL,Illinois,Cook County,1338.29,8.71429,24116.71,5.2,122.0,7.12,12.58,2021-04-16,2021-04-10,2021-04-16,high,3.0,
17031,IL,Illinois,Cook County,1340.29,8.57143,24349.0,5.27,120.29,6.96,12.27,2021-04-15,2021-04-09,2021-04-15,high,3.0,
17031,IL,Illinois,Cook County,1341.86,8.14286,21211.43,7.61,151.14,4.72,9.17,2020-10-18,2020-10-12,2020-10-18,,,
17031,IL,Illinois,Cook County,1345.57,8.28571,23674.43,5.43,105.57,6.14,10.05,2021-04-10,2021-04-04,2021-04-10,high,3.0,
17031,IL,Illinois,Cook County,1367.29,10.8571,24413.57,5.36,119.29,6.79,11.92,2021-04-14,2021-04-08,2021-04-14,high,3.0,
17031,IL,Illinois,Cook County,13701,30.8571,69104.57,16.54,395.57,25.07,31.33,2022-01-07,2022-01-01,2022-01-07,high,3.0,
17031,IL,Illinois,Cook County,13701,30.8571,71943.57,16.59,403.57,25.76,31.52,2022-01-08,2022-01-02,2022-01-08,high,3.0,
17031,IL,Illinois,Cook County,13701,30.8571,73136.57,16.38,410.86,26.28,31.68,2022-01-09,2022-01-03,2022-01-09,high,3.0,
17031,IL,Illinois,Cook County,1372,7.57143,24198.71,5.54,110.57,6.33,10.37,2021-04-11,2021-04-05,2021-04-11,high,3.0,
17031,IL,Illinois,Cook County,1375.86,8.57143,21630.57,7.61,157.86,4.84,9.55,2020-10-19,2020-10-13,2020-10-19,,,
17031,IL,Illinois,Cook County,1383.57,9,24207.71,5.52,116.14,6.5,10.7,2021-04-12,2021-04-06,2021-04-12,high,3.0,
17031,IL,Illinois,Cook County,1385,9.57143,24498.29,5.48,115.86,6.66,11.23,2021-04-13,2021-04-07,2021-04-13,high,3.0,
17031,IL,Illinois,Cook County,1386.57,7.71429,45060.43,2.83,66.14,4.49,7.1,2021-11-18,2021-11-12,2021-11-18,high,3.0,
17031,IL,Illinois,Cook County,139,3,11880.14,1.29,21.86,1.06,1.55,2021-07-14,2021-07-08,2021-07-14,moderate,1.0,
17031,IL,Illinois,Cook County,1390.14,7.71429,22356.71,7.78,162.71,4.99,9.83,2020-10-20,2020-10-14,2020-10-20,,,
17031,IL,Illinois,Cook County,1394.86,8.57143,49637.43,2.96,73.0,5.08,8.06,2021-11-22,2021-11-16,2021-11-22,high,3.0,
17031,IL,Illinois,Cook County,1401.14,2.42857,31047.57,4.3,45.14,1.9,2.1,2022-04-27,2022-04-21,2022-04-27,high,3.0,287.0
17031,IL,Illinois,Cook County,1417.71,22.8571,20931.43,,110.43,9.08,14.87,2021-01-29,2021-01-23,2021-01-29,high,3.0,
17031,IL,Illinois,Cook County,143.714,2.42857,11479.29,1.6,20.43,1.07,1.64,2021-07-16,2021-07-10,2021-07-16,moderate,1.0,
17031,IL,Illinois,Cook County,143.714,2.42857,11680.57,1.66,20.71,1.09,1.67,2021-07-17,2021-07-11,2021-07-17,moderate,1.0,
17031,IL,Illinois,Cook County,143.714,2.42857,11680.71,1.73,21.57,1.13,1.72,2021-07-18,2021-07-12,2021-07-18,moderate,1.0,
17031,IL,Illinois,Cook County,1455.14,7.71429,47395.71,3.18,79.0,5.46,8.71,2021-11-24,2021-11-18,2021-11-24,high,3.0,
17031,IL,Illinois,Cook County,1463.57,2.57143,27054.14,4.44,41.71,1.8,2.0,2022-04-26,2022-04-20,2022-04-26,high,3.0,287.0
17031,IL,Illinois,Cook County,1470.43,2.42857,,4.34,46.29,1.9,2.2,2022-04-28,2022-04-22,2022-04-28,high,3.0,287.0
17031,IL,Illinois,Cook County,1473.43,4.71429,23869.0,4.39,39.0,1.7,1.9,2022-04-25,2022-04-19,2022-04-25,high,3.0,287.0
17031,IL,Illinois,Cook County,148.714,2.71429,11541.14,1.44,20.71,1.06,1.61,2021-07-15,2021-07-09,2021-07-15,moderate,1.0,
17031,IL,Illinois,Cook County,148.857,9.85714,14376.29,1.01,32.71,2.57,5.2,2021-06-11,2021-06-05,2021-06-11,moderate,1.0,
17031,IL,Illinois,Cook County,1486.71,8.14286,48919.43,3.05,76.43,5.29,8.29,2021-11-23,2021-11-17,2021-11-23,high,3.0,
17031,IL,Illinois,Cook County,1509.43,8.71429,22657.57,8.13,168.0,5.18,10.17,2020-10-21,2020-10-15,2020-10-21,,,
17031,IL,Illinois,Cook County,1541.71,7.57143,23084.43,8.46,144.14,5.45,10.65,2020-10-23,2020-10-17,2020-10-23,,,
17031,IL,Illinois,Cook County,156.857,8.71429,13941.29,1.13,34.14,2.68,5.36,2021-06-10,2021-06-04,2021-06-10,moderate,1.0,
17031,IL,Illinois,Cook County,1571.14,26.8571,21130.0,,114.71,9.33,15.19,2021-01-28,2021-01-22,2021-01-28,high,3.0,
17031,IL,Illinois,Cook County,1572,8.28571,23470.0,8.32,170.0,5.31,10.42,2020-10-22,2020-10-16,2020-10-22,,,
17031,IL,Illinois,Cook County,1583,26.5714,21701.0,,115.14,9.56,15.55,2021-01-27,2021-01-21,2021-01-27,high,3.0,
17031,IL,Illinois,Cook County,159,5,12273.43,1.12,20.71,1.05,1.57,2021-07-12,2021-07-06,2021-07-12,moderate,1.0,
17031,IL,Illinois,Cook County,1629.57,27.1429,21665.14,,117.14,9.78,16.0,2021-01-26,2021-01-20,2021-01-26,high,3.0,
17031,IL,Illinois,Cook County,1634.14,36.2857,17423.43,11.75,160.43,13.94,23.78,2021-01-01,2020-12-26,2021-01-01,,,
17031,IL,Illinois,Cook County,1640.29,3.57143,,4.33,44.29,2.0,2.2,2022-04-29,2022-04-23,2022-04-29,high,3.0,287.0
17031,IL,Illinois,Cook County,1640.29,3.57143,,4.41,45.14,2.0,2.2,2022-04-30,2022-04-24,2022-04-30,high,3.0,287.0
17031,IL,Illinois,Cook County,1640.29,3.57143,,4.52,48.0,2.1,2.3,2022-05-01,2022-04-25,2022-05-01,high,3.0,287.0
17031,IL,Illinois,Cook County,1640.86,2.42857,,,47.71,2.1,2.3,2022-05-02,2022-04-26,2022-05-02,high,3.0,287.0
17031,IL,Illinois,Cook County,1656.71,8.42857,23129.29,8.74,119.71,5.74,11.01,2020-10-24,2020-10-18,2020-10-24,,,
17031,IL,Illinois,Cook County,1667.71,9.14286,23516.14,8.91,94.14,6.02,11.36,2020-10-25,2020-10-19,2020-10-25,,,
17031,IL,Illinois,Cook County,1670.57,28.4286,21989.86,,117.14,9.96,16.25,2021-01-25,2021-01-19,2021-01-25,high,3.0,
17031,IL,Illinois,Cook County,1691.14,30.1429,22126.57,,118.57,10.14,16.56,2021-01-24,2021-01-18,2021-01-24,high,3.0,
17031,IL,Illinois,Cook County,1696.86,36,41596.29,2.94,113.57,9.31,14.09,2022-02-09,2022-02-03,2022-02-09,high,3.0,
17031,IL,Illinois,Cook County,1734.14,2.71429,,,45.29,2.2,2.3,2022-05-03,2022-04-27,2022-05-03,high,3.0,287.0
17031,IL,Illinois,Cook County,174.286,9,14113.0,1.24,37.29,2.82,5.59,2021-06-09,2021-06-03,2021-06-09,moderate,1.0,
17031,IL,Illinois,Cook County,1745,30.7143,22203.29,,124.71,10.34,16.95,2021-01-23,2021-01-17,2021-01-23,high,3.0,
17031,IL,Illinois,Cook County,1752.43,9.85714,23687.57,9.26,95.71,6.3,11.52,2020-10-26,2020-10-20,2020-10-26,,,
17031,IL,Illinois,Cook County,1767.86,10,23178.57,9.66,101.14,6.57,11.9,2020-10-27,2020-10-21,2020-10-27,,,
17031,IL,Illinois,Cook County,1769.57,33.1429,22495.71,,127.71,10.51,17.19,2021-01-22,2021-01-16,2021-01-22,high,3.0,
17031,IL,Illinois,Cook County,1780,33.1429,22540.0,,128.29,10.6,17.38,2021-01-21,2021-01-15,2021-01-21,high,3.0,
17031,IL,Illinois,Cook County,1783.86,34.7143,43102.71,4.02,142.0,12.67,18.15,2022-02-03,2022-01-28,2022-02-03,high,3.0,
17031,IL,Illinois,Cook County,181.286,8,14774.0,1.29,39.29,2.92,5.88,2021-06-08,2021-06-02,2021-06-08,moderate,1.0,
17031,IL,Illinois,Cook County,1834.57,8.42857,45311.86,4.25,96.43,6.71,11.29,2021-12-02,2021-11-26,2021-12-02,high,3.0,
17031,IL,Illinois,Cook County,1846.57,32.1429,40806.43,3.11,118.86,9.78,14.92,2022-02-08,2022-02-02,2022-02-08,high,3.0,
17031,IL,Illinois,Cook County,1852.71,9.71429,23815.14,10.1,105.71,6.85,12.23,2020-10-28,2020-10-22,2020-10-28,,,
17031,IL,Illinois,Cook County,1860.86,45.1429,18454.86,10.77,165.71,14.29,24.71,2020-12-29,2020-12-23,2020-12-29,,,
17031,IL,Illinois,Cook County,1880.14,35,42546.86,3.28,121.86,10.32,15.61,2022-02-07,2022-02-01,2022-02-07,high,3.0,
17031,IL,Illinois,Cook County,1888.29,48.2857,17821.29,11.32,164.14,14.17,24.51,2020-12-30,2020-12-24,2020-12-30,,,
17031,IL,Illinois,Cook County,1892.57,28.7143,22156.43,,128.14,10.72,17.57,2021-01-20,2021-01-14,2021-01-20,high,3.0,
17031,IL,Illinois,Cook County,1903.43,41.7143,44561.43,2.65,109.71,8.86,13.34,2022-02-10,2022-02-04,2022-02-10,high,3.0,
17031,IL,Illinois,Cook County,192,8.42857,14934.14,1.35,42.43,3.15,6.4,2021-06-07,2021-06-01,2021-06-07,moderate,1.0,
17031,IL,Illinois,Cook County,1923,47.8571,19107.57,10.36,166.0,14.41,24.76,2020-12-28,2020-12-22,2020-12-28,,,
17031,IL,Illinois,Cook County,1936.57,47.2857,17727.0,11.7,158.86,14.05,24.16,2020-12-31,2020-12-25,2020-12-31,,,
17031,IL,Illinois,Cook County,1944.29,10.4286,23906.43,10.69,114.43,7.17,12.56,2020-10-29,2020-10-23,2020-10-29,,,
17031,IL,Illinois,Cook County,1961.29,32,22428.86,8.18,129.86,10.88,17.81,2021-01-19,2021-01-13,2021-01-19,,,
17031,IL,Illinois,Cook County,1977.57,55.7143,19794.86,10.19,168.0,14.53,24.82,2020-12-27,2020-12-21,2020-12-27,,,
17031,IL,Illinois,Cook County,2066,42.7143,17493.71,11.93,161.57,13.78,23.36,2021-01-02,2020-12-27,2021-01-02,,,
17031,IL,Illinois,Cook County,2078,12.8571,54553.0,4.25,120.86,8.45,14.94,2021-12-10,2021-12-04,2021-12-10,high,3.0,
17031,IL,Illinois,Cook County,2078,12.8571,54610.14,4.3,123.14,8.71,15.52,2021-12-11,2021-12-05,2021-12-11,high,3.0,
17031,IL,Illinois,Cook County,2078,12.8571,54870.71,4.37,126.43,8.97,16.1,2021-12-12,2021-12-06,2021-12-12,high,3.0,
17031,IL,Illinois,Cook County,2085.14,36.7143,42817.0,3.51,124.86,10.89,16.25,2022-02-06,2022-01-31,2022-02-06,high,3.0,
17031,IL,Illinois,Cook County,2085.14,36.7143,42850.14,3.79,131.0,12.01,17.41,2022-02-04,2022-01-29,2022-02-04,high,3.0,
17031,IL,Illinois,Cook County,2085.14,36.7143,43233.71,3.61,127.43,11.42,16.82,2022-02-05,2022-01-30,2022-02-05,high,3.0,
17031,IL,Illinois,Cook County,2093.71,54.1429,20369.29,10.05,168.71,14.73,24.98,2020-12-26,2020-12-20,2020-12-26,,,
17031,IL,Illinois,Cook County,2096.86,46,17811.29,12.13,156.14,13.61,22.84,2021-01-03,2020-12-28,2021-01-03,,,
17031,IL,Illinois,Cook County,2097,13.4286,54299.29,4.16,115.86,8.17,14.47,2021-12-09,2021-12-03,2021-12-09,high,3.0,
17031,IL,Illinois,Cook County,211.571,2.57143,11671.57,1.88,22.14,1.18,1.78,2021-07-19,2021-07-13,2021-07-19,moderate,1.0,
17031,IL,Illinois,Cook County,212.571,10.7143,13912.71,1.4,42.14,3.26,6.6,2021-06-06,2021-05-31,2021-06-06,moderate,1.0,
17031,IL,Illinois,Cook County,212.857,2,11971.29,1.99,24.57,1.25,1.88,2021-07-20,2021-07-14,2021-07-20,moderate,1.0,
17031,IL,Illinois,Cook County,2124.29,33.5714,22174.86,8.42,138.43,11.1,18.06,2021-01-18,2021-01-12,2021-01-18,,,
17031,IL,Illinois,Cook County,2125.43,8.85714,53534.71,4.15,112.57,7.45,12.9,2021-12-06,2021-11-30,2021-12-06,high,3.0,
17031,IL,Illinois,Cook County,2138.29,11,24454.43,11.23,122.43,7.52,13.04,2020-10-30,2020-10-24,2020-10-30,,,
17031,IL,Illinois,Cook County,2141.14,49.4286,18072.29,12.13,154.29,13.36,22.22,2021-01-04,2020-12-29,2021-01-04,,,
17031,IL,Illinois,Cook County,2169,9.85714,50866.57,4.09,101.0,6.84,11.62,2021-12-03,2021-11-27,2021-12-03,high,3.0,
17031,IL,Illinois,Cook County,2169,9.85714,52861.14,4.14,109.29,7.22,12.49,2021-12-05,2021-11-29,2021-12-05,high,3.0,
17031,IL,Illinois,Cook County,2169,9.85714,53228.86,4.07,103.57,7.03,12.04,2021-12-04,2021-11-28,2021-12-04,high,3.0,
17031,IL,Illinois,Cook County,2178.29,12.2857,53336.71,4.07,114.14,7.7,13.42,2021-12-07,2021-12-01,2021-12-07,high,3.0,
17031,IL,Illinois,Cook County,2185.57,35,22817.29,8.44,141.57,11.23,18.19,2021-01-17,2021-01-11,2021-01-17,,,
17031,IL,Illinois,Cook County,2188.29,14,54714.29,4.64,126.14,9.21,16.7,2021-12-13,2021-12-07,2021-12-13,high,3.0,
17031,IL,Illinois,Cook County,2199.14,39.8571,22869.43,8.6,141.0,11.37,18.38,2021-01-16,2021-01-10,2021-01-16,,,
17031,IL,Illinois,Cook County,2206,12.7143,53844.43,4.09,115.29,7.92,13.96,2021-12-08,2021-12-02,2021-12-08,high,3.0,
17031,IL,Illinois,Cook County,2228.71,50.5714,18399.57,11.73,150.43,13.09,21.62,2021-01-05,2020-12-30,2021-01-05,,,
17031,IL,Illinois,Cook County,2230.43,42.7143,47257.29,4.01,148.57,13.34,18.92,2022-02-02,2022-01-27,2022-02-02,high,3.0,
17031,IL,Illinois,Cook County,2249.57,46.8571,19383.71,11.51,151.71,12.86,21.08,2021-01-06,2020-12-31,2021-01-06,,,
17031,IL,Illinois,Cook County,2252.29,36.4286,22804.43,8.73,143.71,11.49,18.5,2021-01-15,2021-01-09,2021-01-15,,,
17031,IL,Illinois,Cook County,2263.29,10.8571,24938.43,11.57,127.43,7.82,13.53,2020-10-31,2020-10-25,2020-10-31,,,
17031,IL,Illinois,Cook County,2266.86,9.71429,55155.0,5.04,127.57,9.4,17.12,2021-12-14,2021-12-08,2021-12-14,high,3.0,
17031,IL,Illinois,Cook County,227.429,2,11953.14,2.15,25.86,1.32,1.96,2021-07-21,2021-07-15,2021-07-21,moderate,1.0,
17031,IL,Illinois,Cook County,231.714,10.2857,14102.57,1.43,42.14,3.4,6.89,2021-06-05,2021-05-30,2021-06-05,moderate,1.0,
17031,IL,Illinois,Cook County,2313.29,53.8571,21659.0,9.92,176.71,14.95,25.15,2020-12-25,2020-12-19,2020-12-25,,,
17031,IL,Illinois,Cook County,2336.14,49.2857,20122.0,11.31,149.0,12.69,20.75,2021-01-07,2021-01-01,2021-01-07,,,
17031,IL,Illinois,Cook County,2379,37,23084.86,9.01,145.71,11.69,18.66,2021-01-14,2021-01-08,2021-01-14,,,
17031,IL,Illinois,Cook County,2383.29,49.5714,50228.86,4.22,153.71,14.04,19.84,2022-02-01,2022-01-26,2022-02-01,high,3.0,
17031,IL,Illinois,Cook County,2405,54.2857,24293.71,9.81,181.29,15.27,25.38,2020-12-24,2020-12-18,2020-12-24,,,
17031,IL,Illinois,Cook County,243.286,10,13870.43,1.55,42.57,3.57,7.32,2021-06-04,2021-05-29,2021-06-04,moderate,1.0,
17031,IL,Illinois,Cook County,2478,56.4286,25332.0,10.27,184.57,15.71,26.2,2020-12-22,2020-12-16,2020-12-22,,,
17031,IL,Illinois,Cook County,2481.86,47,49172.43,4.63,166.43,14.79,20.61,2022-01-31,2022-01-25,2022-01-31,high,3.0,
17031,IL,Illinois,Cook County,2502.29,11.2857,25238.0,11.86,127.0,8.17,13.89,2020-11-01,2020-10-26,2020-11-01,,,
17031,IL,Illinois,Cook County,2505.86,51.7143,25196.0,10.47,186.29,15.91,26.36,2020-12-21,2020-12-15,2020-12-21,,,
17031,IL,Illinois,Cook County,2506.14,42.2857,23185.0,9.19,148.0,11.88,18.94,2021-01-13,2021-01-07,2021-01-13,,,
17031,IL,Illinois,Cook County,2513.14,57.5714,25415.0,10.04,182.14,15.49,25.66,2020-12-23,2020-12-17,2020-12-23,,,
17031,IL,Illinois,Cook County,2516.14,14.5714,56025.43,5.67,130.43,9.56,17.49,2021-12-15,2021-12-09,2021-12-15,high,3.0,
17031,IL,Illinois,Cook County,2573.43,46.8571,23164.71,10.2,150.14,12.16,19.32,2021-01-11,2021-01-05,2021-01-11,,,
17031,IL,Illinois,Cook County,2578.43,48.8571,23000.14,10.81,152.14,12.47,19.85,2021-01-09,2021-01-03,2021-01-09,,,
17031,IL,Illinois,Cook County,2596,45.4286,23255.57,9.79,154.0,12.05,19.07,2021-01-12,2021-01-06,2021-01-12,,,
17031,IL,Illinois,Cook County,2597.29,46.2857,22758.43,10.57,151.57,12.32,19.6,2021-01-10,2021-01-04,2021-01-10,,,
17031,IL,Illinois,Cook County,2610.71,11,25449.0,12.04,129.0,8.58,14.39,2020-11-02,2020-10-27,2020-11-02,,,
17031,IL,Illinois,Cook County,2668.43,54.8571,25198.71,10.77,184.29,16.16,26.5,2020-12-20,2020-12-14,2020-12-20,,,
17031,IL,Illinois,Cook County,270.571,2,12211.29,2.33,27.14,1.38,2.1,2021-07-22,2021-07-16,2021-07-22,moderate,1.0,
17031,IL,Illinois,Cook County,274.857,11,13696.57,1.65,44.86,3.72,7.72,2021-06-03,2021-05-28,2021-06-03,moderate,1.0,
17031,IL,Illinois,Cook County,2764.57,11.1429,25900.86,12.42,137.0,8.94,14.62,2020-11-03,2020-10-28,2020-11-03,,,
17031,IL,Illinois,Cook County,2766.14,51.7143,25486.71,11.18,182.57,16.35,26.66,2020-12-19,2020-12-13,2020-12-19,,,
17031,IL,Illinois,Cook County,2787.29,13.8571,56605.0,6.37,136.71,9.83,17.88,2021-12-16,2021-12-10,2021-12-16,high,3.0,
17031,IL,Illinois,Cook County,2836,57,22599.86,11.05,150.0,12.6,20.31,2021-01-08,2021-01-02,2021-01-08,,,
17031,IL,Illinois,Cook County,2859.43,53.1429,25037.86,11.53,190.71,16.57,26.76,2020-12-18,2020-12-12,2020-12-18,,,
17031,IL,Illinois,Cook County,2866.86,13,25871.43,12.98,145.57,9.33,14.9,2020-11-04,2020-10-29,2020-11-04,,,
17031,IL,Illinois,Cook County,2943.86,53,24941.14,11.93,199.57,16.66,26.88,2020-12-17,2020-12-11,2020-12-17,,,
17031,IL,Illinois,Cook County,295.571,12.1429,14033.0,1.71,46.86,3.84,8.06,2021-06-02,2021-05-27,2021-06-02,moderate,1.0,
17031,IL,Illinois,Cook County,3046.86,15.8571,26008.0,13.54,152.86,9.78,15.25,2020-11-05,2020-10-30,2020-11-05,,,
17031,IL,Illinois,Cook County,3133.71,14.5714,57550.43,6.99,141.0,10.1,18.2,2021-12-17,2021-12-11,2021-12-17,high,3.0,
17031,IL,Illinois,Cook County,3133.71,14.5714,59192.43,7.44,147.29,10.31,18.38,2021-12-18,2021-12-12,2021-12-18,high,3.0,
17031,IL,Illinois,Cook County,3133.71,14.5714,60088.43,7.8,150.14,10.56,18.55,2021-12-19,2021-12-13,2021-12-19,high,3.0,
17031,IL,Illinois,Cook County,314.429,31.7143,9907.0,5.34,0.0,0.0,0.0,2020-06-18,2020-06-12,2020-06-18,,,
17031,IL,Illinois,Cook County,3146.29,53,24949.14,12.44,208.86,16.82,26.92,2020-12-16,2020-12-10,2020-12-16,,,
17031,IL,Illinois,Cook County,3164.57,47.1429,24578.86,13.88,218.86,18.4,28.08,2020-11-30,2020-11-24,2020-11-30,,,
17031,IL,Illinois,Cook County,3170.71,53.2857,24345.14,14.68,221.29,18.64,27.7,2020-12-03,2020-11-27,2020-12-03,,,
17031,IL,Illinois,Cook County,320,2,12442.0,2.4,28.71,1.45,2.27,2021-07-23,2021-07-17,2021-07-23,moderate,1.0,
17031,IL,Illinois,Cook County,320,2,12674.43,2.54,31.57,1.51,2.43,2021-07-24,2021-07-18,2021-07-24,moderate,1.0,
17031,IL,Illinois,Cook County,320,2,12707.57,2.67,32.0,1.56,2.57,2021-07-25,2021-07-19,2021-07-25,moderate,1.0,
17031,IL,Illinois,Cook County,320,31,11781.86,5.15,0.0,0.0,0.0,2020-06-22,2020-06-16,2020-06-22,,,
17031,IL,Illinois,Cook County,320.857,26.5714,13323.71,5.01,0.0,0.0,0.0,2020-06-23,2020-06-17,2020-06-23,,,
17031,IL,Illinois,Cook County,323.857,34.7143,9639.14,5.78,0.0,0.0,0.0,2020-06-16,2020-06-10,2020-06-16,,,
17031,IL,Illinois,Cook County,324.429,30.7143,10439.43,5.29,0.0,0.0,0.0,2020-06-21,2020-06-15,2020-06-21,,,
17031,IL,Illinois,Cook County,324.714,35.8571,9768.43,5.53,0.0,0.0,0.0,2020-06-17,2020-06-11,2020-06-17,,,
17031,IL,Illinois,Cook County,325.714,24.8571,14480.57,4.96,0.0,0.0,0.0,2020-06-24,2020-06-18,2020-06-24,,,
17031,IL,Illinois,Cook County,3253.43,60.2857,25938.29,12.87,214.57,16.98,26.95,2020-12-14,2020-12-08,2020-12-14,,,
17031,IL,Illinois,Cook County,3258.57,58.1429,25540.14,12.81,213.86,16.89,26.78,2020-12-15,2020-12-09,2020-12-15,,,
17031,IL,Illinois,Cook County,3260.29,50.5714,22754.14,14.77,221.0,18.55,27.8,2020-12-02,2020-11-26,2020-12-02,,,
17031,IL,Illinois,Cook County,328.857,28.7143,9928.14,5.41,0.0,0.0,0.0,2020-06-19,2020-06-13,2020-06-19,,,
17031,IL,Illinois,Cook County,329.143,31,10015.86,5.46,0.0,0.0,0.0,2020-06-20,2020-06-14,2020-06-20,,,
17031,IL,Illinois,Cook County,331,12.2857,13859.86,1.82,47.0,4.04,8.42,2021-06-01,2021-05-26,2021-06-01,moderate,1.0,
17031,IL,Illinois,Cook County,3321.71,53.7143,26167.86,14.42,225.71,18.57,27.52,2020-12-04,2020-11-28,2020-12-04,,,
17031,IL,Illinois,Cook County,3332,41.7143,25583.71,13.51,229.57,18.34,28.15,2020-11-29,2020-11-23,2020-11-29,,,
17031,IL,Illinois,Cook County,3343.71,55.5714,25981.29,13.11,218.29,17.06,27.11,2020-12-13,2020-12-07,2020-12-13,,,
17031,IL,Illinois,Cook County,337.857,35.2857,9673.29,5.87,0.0,0.0,0.0,2020-06-15,2020-06-09,2020-06-15,,,
17031,IL,Illinois,Cook County,3371.14,43.7143,23428.86,14.25,220.86,18.47,28.01,2020-12-01,2020-11-25,2020-12-01,,,
17031,IL,Illinois,Cook County,3378.29,56.7143,26194.71,13.1,220.71,17.19,27.14,2020-12-12,2020-12-06,2020-12-12,,,
17031,IL,Illinois,Cook County,3408.71,39,26691.57,14.13,160.29,10.22,15.56,2020-11-06,2020-10-31,2020-11-06,,,
17031,IL,Illinois,Cook County,3411.71,61.4286,26380.86,13.3,218.0,17.29,27.19,2020-12-11,2020-12-05,2020-12-11,,,
17031,IL,Illinois,Cook County,3422.71,52.2857,26751.86,13.49,208.14,17.59,27.16,2020-12-09,2020-12-03,2020-12-09,,,
17031,IL,Illinois,Cook County,343.571,12.8571,14297.57,1.87,49.43,4.15,8.55,2021-05-31,2021-05-25,2021-05-31,moderate,1.0,
17031,IL,Illinois,Cook County,3461.57,50.5714,26499.71,14.39,222.14,18.44,27.52,2020-12-05,2020-11-29,2020-12-05,,,
17031,IL,Illinois,Cook County,3475.71,54.2857,26759.86,13.53,214.0,17.47,27.21,2020-12-10,2020-12-04,2020-12-10,,,
17031,IL,Illinois,Cook County,349.857,suppressed,12941.14,2.78,33.29,1.62,2.7,2021-07-26,2021-07-20,2021-07-26,moderate,1.0,
17031,IL,Illinois,Cook County,3497.43,50.8571,26864.86,13.82,211.57,17.86,27.1,2020-12-08,2020-12-02,2020-12-08,,,
17031,IL,Illinois,Cook County,3508,43.8571,26579.43,13.35,229.14,18.27,28.12,2020-11-28,2020-11-22,2020-11-28,,,
17031,IL,Illinois,Cook County,353,23.8571,15654.0,4.86,0.0,0.0,0.0,2020-06-25,2020-06-19,2020-06-25,,,
17031,IL,Illinois,Cook County,354.143,35,9579.71,6.06,0.0,0.0,0.0,2020-06-14,2020-06-08,2020-06-14,,,
17031,IL,Illinois,Cook County,3540.43,50.8571,26827.71,14.31,219.71,18.31,27.37,2020-12-06,2020-11-30,2020-12-06,,,
17031,IL,Illinois,Cook County,359.571,12.2857,12353.14,4.1,0.0,0.0,0.0,2020-07-07,2020-07-01,2020-07-07,,,
17031,IL,Illinois,Cook County,359.571,23.2857,16307.14,4.63,0.0,0.0,0.0,2020-06-26,2020-06-20,2020-06-26,,,
17031,IL,Illinois,Cook County,360.286,20.8571,16481.71,4.49,0.0,0.0,0.0,2020-06-27,2020-06-21,2020-06-27,,,
17031,IL,Illinois,Cook County,3609.14,40.7143,27135.29,14.47,173.0,10.66,15.85,2020-11-07,2020-11-01,2020-11-07,,,
17031,IL,Illinois,Cook County,3651.43,42.5714,27745.71,14.96,181.86,11.09,16.34,2020-11-08,2020-11-02,2020-11-08,,,
17031,IL,Illinois,Cook County,368.286,19.7143,16325.0,4.44,0.0,0.0,0.0,2020-06-28,2020-06-22,2020-06-28,,,
17031,IL,Illinois,Cook County,369.286,11.8571,12128.0,4.11,0.0,0.0,0.0,2020-07-08,2020-07-02,2020-07-08,,,
17031,IL,Illinois,Cook County,3733.86,39.2857,28066.29,13.08,230.29,18.24,28.23,2020-11-27,2020-11-21,2020-11-27,,,
17031,IL,Illinois,Cook County,374.857,9.57143,12037.86,4.15,0.0,0.0,0.0,2020-07-09,2020-07-03,2020-07-09,,,
17031,IL,Illinois,Cook County,376.286,10.1429,15887.43,1.91,53.14,4.33,8.91,2021-05-30,2021-05-24,2021-05-30,substantial,2.0,
17031,IL,Illinois,Cook County,3760.57,49.8571,26491.0,14.06,217.0,18.09,27.22,2020-12-07,2020-12-01,2020-12-07,,,
17031,IL,Illinois,Cook County,379.429,suppressed,13170.14,2.94,34.57,1.67,2.87,2021-07-27,2021-07-21,2021-07-27,substantial,2.0,
17031,IL,Illinois,Cook County,379.571,37.1429,9378.43,6.15,0.0,0.0,0.0,2020-06-13,2020-06-07,2020-06-13,,,
17031,IL,Illinois,Cook County,379.857,10.8571,12396.29,3.98,0.0,0.0,0.0,2020-07-06,2020-06-30,2020-07-06,,,
17031,IL,Illinois,Cook County,385.429,18.7143,15435.71,4.44,0.0,0.0,0.0,2020-06-29,2020-06-23,2020-06-29,,,
17031,IL,Illinois,Cook County,386.571,13.1429,12817.0,4.2,0.0,0.0,0.0,2020-07-03,2020-06-27,2020-07-03,,,
17031,IL,Illinois,Cook County,3874.29,50.5714,34635.43,13.24,236.29,18.13,27.28,2020-11-24,2020-11-18,2020-11-24,,,
17031,IL,Illinois,Cook County,390.143,15.5714,13292.14,4.17,0.0,0.0,0.0,2020-07-02,2020-06-26,2020-07-02,,,
17031,IL,Illinois,Cook County,3910,42.5714,28628.71,15.52,192.29,11.53,16.88,2020-11-09,2020-11-03,2020-11-09,,,
17031,IL,Illinois,Cook County,393.143,18,14246.29,4.35,0.0,0.0,0.0,2020-06-30,2020-06-24,2020-06-30,,,
17031,IL,Illinois,Cook County,396.143,14.7143,13696.71,4.24,0.0,0.0,0.0,2020-07-01,2020-06-25,2020-07-01,,,
17031,IL,Illinois,Cook County,396.714,1.71429,14447.86,3.1,39.43,1.8,3.06,2021-07-29,2021-07-23,2021-07-29,substantial,2.0,
17031,IL,Illinois,Cook County,396.714,12.1429,12238.86,4.12,0.0,0.0,0.0,2020-07-05,2020-06-29,2020-07-05,,,
17031,IL,Illinois,Cook County,3977.86,43.1429,31356.14,12.86,239.57,18.21,27.93,2020-11-26,2020-11-20,2020-11-26,,,
17031,IL,Illinois,Cook County,399.286,10.2857,15875.0,2.02,56.71,4.47,9.21,2021-05-29,2021-05-23,2021-05-29,substantial,2.0,
17031,IL,Illinois,Cook County,404.429,10.7143,12330.57,4.25,0.0,0.0,0.0,2020-07-10,2020-07-04,2020-07-10,,,
17031,IL,Illinois,Cook County,404.714,12.2857,12382.57,4.13,0.0,0.0,0.0,2020-07-04,2020-06-28,2020-07-04,,,
17031,IL,Illinois,Cook County,4087,46.1429,34755.29,13.38,237.43,17.93,26.64,2020-11-23,2020-11-17,2020-11-23,,,
17031,IL,Illinois,Cook County,41.1429,suppressed,10522.57,0.8,16.29,1.15,2.34,2021-07-05,2021-06-29,2021-07-05,low,0.0,
17031,IL,Illinois,Cook County,4126.14,42,34303.14,12.88,236.14,18.24,27.69,2020-11-25,2020-11-19,2020-11-25,,,
17031,IL,Illinois,Cook County,414,12.7143,12669.29,4.36,0.0,0.0,0.0,2020-07-11,2020-07-05,2020-07-11,,,
17031,IL,Illinois,Cook County,415,40.2857,8998.57,6.46,0.0,0.0,0.0,2020-06-12,2020-06-06,2020-06-12,,,
17031,IL,Illinois,Cook County,417.571,1.85714,14961.0,3.25,41.43,1.85,3.09,2021-07-30,2021-07-24,2021-07-30,substantial,2.0,
17031,IL,Illinois,Cook County,417.571,1.85714,15255.0,3.48,41.43,1.92,3.27,2021-07-31,2021-07-25,2021-07-31,substantial,2.0,
17031,IL,Illinois,Cook County,417.571,1.85714,15762.71,3.53,42.71,1.99,3.43,2021-08-01,2021-07-26,2021-08-01,substantial,2.0,
17031,IL,Illinois,Cook County,4177.29,44.4286,29114.14,16.0,200.43,12.1,17.65,2020-11-10,2020-11-04,2020-11-10,,,
17031,IL,Illinois,Cook County,418.429,suppressed,13866.29,3.02,36.57,1.73,2.99,2021-07-28,2021-07-22,2021-07-28,substantial,2.0,
17031,IL,Illinois,Cook County,4256.43,43.8571,34173.0,13.62,228.71,17.76,26.11,2020-11-22,2020-11-16,2020-11-22,,,
17031,IL,Illinois,Cook County,428.429,8.85714,39523.14,0.86,35.0,2.6,4.0,2022-03-08,2022-03-02,2022-03-08,substantial,2.0,287.0
17031,IL,Illinois,Cook County,4295.86,43.7143,33994.57,14.38,226.71,17.22,24.73,2020-11-20,2020-11-14,2020-11-20,,,
17031,IL,Illinois,Cook County,430.714,11.2857,16353.14,2.11,60.71,4.61,9.37,2021-05-28,2021-05-22,2021-05-28,substantial,2.0,
17031,IL,Illinois,Cook County,432.143,14,12767.43,4.39,0.0,0.0,0.0,2020-07-12,2020-07-06,2020-07-12,,,
17031,IL,Illinois,Cook County,4326.57,48.5714,29232.29,16.55,214.29,12.73,18.48,2020-11-11,2020-11-05,2020-11-11,,,
17031,IL,Illinois,Cook County,4376.29,40.7143,33963.57,13.98,230.29,17.53,25.45,2020-11-21,2020-11-15,2020-11-21,,,
17031,IL,Illinois,Cook County,4397.86,15.4286,60384.0,8.65,158.57,10.86,18.86,2021-12-20,2021-12-14,2021-12-20,high,3.0,
17031,IL,Illinois,Cook County,4423.86,34.1429,33034.57,15.24,229.29,16.51,23.58,2020-11-18,2020-11-12,2020-11-18,,,
17031,IL,Illinois,Cook County,443.286,14.1429,12878.71,4.43,0.0,0.0,0.0,2020-07-13,2020-07-07,2020-07-13,,,
17031,IL,Illinois,Cook County,444.714,7.28571,14432.43,4.27,31.71,3.93,7.8,2020-07-19,2020-07-13,2020-07-19,,,
17031,IL,Illinois,Cook County,447.571,12.8571,13262.29,4.33,0.0,0.0,0.0,2020-07-14,2020-07-08,2020-07-14,,,
17031,IL,Illinois,Cook County,448.429,8.42857,38408.86,0.86,36.71,2.5,3.8,2022-03-09,2022-03-03,2022-03-09,substantial,2.0,287.0
17031,IL,Illinois,Cook County,4495.43,29.4286,30645.14,16.83,224.29,14.44,20.79,2020-11-14,2020-11-08,2020-11-14,,,
17031,IL,Illinois,Cook County,450.571,9,14549.0,4.27,24.86,4.1,7.95,2020-07-18,2020-07-12,2020-07-18,,,
17031,IL,Illinois,Cook County,4509.57,37,33101.29,14.72,223.86,16.77,24.11,2020-11-19,2020-11-13,2020-11-19,,,
17031,IL,Illinois,Cook County,452.286,11.5714,13927.86,4.29,4.57,6.66,9.58,2020-07-15,2020-07-09,2020-07-15,,,
17031,IL,Illinois,Cook County,452.571,6.85714,14273.29,4.44,39.86,3.98,7.89,2020-07-20,2020-07-14,2020-07-20,,,
17031,IL,Illinois,Cook County,4534.29,45,30325.29,16.74,220.29,13.37,19.3,2020-11-12,2020-11-06,2020-11-12,,,
17031,IL,Illinois,Cook County,4548.29,56.2857,48772.71,4.99,173.14,15.55,21.65,2022-01-30,2022-01-24,2022-01-30,high,3.0,
17031,IL,Illinois,Cook County,4548.29,56.2857,49508.14,5.14,182.57,16.33,22.78,2022-01-29,2022-01-23,2022-01-29,high,3.0,
17031,IL,Illinois,Cook County,4548.29,56.2857,53646.43,5.12,194.57,17.14,23.79,2022-01-28,2022-01-22,2022-01-28,high,3.0,
17031,IL,Illinois,Cook County,455,10.2857,14356.71,4.28,16.86,4.62,8.01,2020-07-17,2020-07-11,2020-07-17,,,
17031,IL,Illinois,Cook County,458.429,10.5714,13999.57,4.43,8.14,4.65,8.3,2020-07-16,2020-07-10,2020-07-16,,,
17031,IL,Illinois,Cook County,4628,21.8571,30419.29,16.73,224.57,13.89,20.08,2020-11-13,2020-11-07,2020-11-13,,,
17031,IL,Illinois,Cook County,4634.14,28.2857,30760.86,16.69,229.43,15.0,21.49,2020-11-15,2020-11-09,2020-11-15,,,
17031,IL,Illinois,Cook County,464.714,12.7143,40144.0,1.6,61.14,4.8,8.1,2022-02-21,2022-02-15,2022-02-21,substantial,2.0,
17031,IL,Illinois,Cook County,4642.57,29.7143,31290.86,16.38,232.86,15.62,22.34,2020-11-16,2020-11-10,2020-11-16,,,
17031,IL,Illinois,Cook County,465,4.71429,38478.71,0.96,36.57,1.9,2.6,2022-03-20,2022-03-14,2022-03-20,substantial,2.0,287.0
17031,IL,Illinois,Cook County,465,4.71429,38563.29,0.89,36.57,2.1,2.7,2022-03-18,2022-03-12,2022-03-18,substantial,2.0,287.0
17031,IL,Illinois,Cook County,465,4.71429,38605.71,0.93,36.57,2.0,2.6,2022-03-19,2022-03-13,2022-03-19,substantial,2.0,287.0
17031,IL,Illinois,Cook County,465.857,10.1429,16763.14,2.29,64.14,4.76,9.57,2021-05-27,2021-05-21,2021-05-27,substantial,2.0,
17031,IL,Illinois,Cook County,4654.14,29.5714,32160.86,15.66,232.86,16.11,22.9,2020-11-17,2020-11-11,2020-11-17,,,
17031,IL,Illinois,Cook County,466.429,37.8571,8749.14,6.99,0.0,0.0,0.0,2020-06-11,2020-06-05,2020-06-11,,,
17031,IL,Illinois,Cook County,468.286,6.71429,14238.86,4.55,47.14,3.86,7.91,2020-07-21,2020-07-15,2020-07-21,,,
17031,IL,Illinois,Cook County,4703.86,19.7143,60015.86,9.91,168.14,11.21,19.42,2021-12-21,2021-12-15,2021-12-21,high,3.0,
17031,IL,Illinois,Cook County,474.571,8.14286,36378.29,0.86,38.14,2.5,3.5,2022-03-10,2022-03-04,2022-03-10,substantial,2.0,287.0
17031,IL,Illinois,Cook County,480.286,10.2857,40385.14,0.86,37.71,2.7,4.2,2022-03-07,2022-03-01,2022-03-07,substantial,2.0,287.0
17031,IL,Illinois,Cook County,483,39,8640.14,7.32,0.0,0.0,0.0,2020-06-10,2020-06-04,2020-06-10,,,
17031,IL,Illinois,Cook County,483.714,4.42857,38087.29,1.04,37.43,1.9,2.6,2022-03-21,2022-03-15,2022-03-21,substantial,2.0,287.0
17031,IL,Illinois,Cook County,484.143,4.85714,37143.43,1.09,36.0,1.8,2.7,2022-03-22,2022-03-16,2022-03-22,substantial,2.0,287.0
17031,IL,Illinois,Cook County,485.286,5,34980.29,1.19,36.14,1.8,2.7,2022-03-23,2022-03-17,2022-03-23,substantial,2.0,287.0
17031,IL,Illinois,Cook County,494.571,8,14156.57,4.71,49.29,3.46,7.39,2020-07-22,2020-07-16,2020-07-22,,,
17031,IL,Illinois,Cook County,50.1429,5.42857,16383.0,0.53,22.43,1.75,3.81,2021-06-20,2021-06-14,2021-06-20,low,0.0,
17031,IL,Illinois,Cook County,501.857,10.1429,16743.57,2.45,64.71,4.88,9.78,2021-05-26,2021-05-20,2021-05-26,substantial,2.0,
17031,IL,Illinois,Cook County,509.143,2.57143,16403.71,3.68,44.86,2.05,3.65,2021-08-02,2021-07-27,2021-08-02,substantial,2.0,
17031,IL,Illinois,Cook County,511.571,8.57143,13944.14,4.77,51.29,3.43,7.35,2020-07-23,2020-07-17,2020-07-23,,,
17031,IL,Illinois,Cook County,513,6,39799.29,1.94,57.57,4.27,8.22,2021-10-11,2021-10-05,2021-10-11,substantial,2.0,
17031,IL,Illinois,Cook County,514,40.5714,8326.57,7.72,0.0,0.0,0.0,2020-06-09,2020-06-03,2020-06-09,,,
17031,IL,Illinois,Cook County,516.857,5.57143,14668.29,4.96,33.43,3.33,7.25,2020-09-15,2020-09-09,2020-09-15,,,
17031,IL,Illinois,Cook County,517.286,8.14286,13795.43,4.9,47.57,3.43,7.46,2020-07-24,2020-07-18,2020-07-24,,,
17031,IL,Illinois,Cook County,517.571,5.57143,37658.0,0.86,36.29,2.1,2.8,2022-03-17,2022-03-11,2022-03-17,substantial,2.0,287.0
17031,IL,Illinois,Cook County,521.714,5.28571,14719.43,4.96,34.57,3.36,7.29,2020-09-14,2020-09-08,2020-09-14,,,
17031,IL,Illinois,Cook County,523.286,7.85714,13732.14,4.99,44.43,3.43,7.5,2020-07-25,2020-07-19,2020-07-25,,,
17031,IL,Illinois,Cook County,526.714,11.4286,17304.71,2.59,68.14,4.98,10.05,2021-05-25,2021-05-19,2021-05-25,substantial,2.0,
17031,IL,Illinois,Cook County,531.857,5.57143,13900.71,4.91,34.57,3.41,7.27,2020-09-13,2020-09-07,2020-09-13,,,
17031,IL,Illinois,Cook County,533.714,5.14286,14065.57,4.98,35.29,3.43,7.29,2020-09-12,2020-09-06,2020-09-12,,,
17031,IL,Illinois,Cook County,534.714,5.28571,33372.29,1.29,35.29,1.7,2.7,2022-03-24,2022-03-18,2022-03-24,substantial,2.0,287.0
17031,IL,Illinois,Cook County,534.857,7,36229.71,0.84,37.71,2.2,2.9,2022-03-16,2022-03-10,2022-03-16,substantial,2.0,287.0
17031,IL,Illinois,Cook County,537.857,6,31390.0,1.5,32.29,1.7,2.3,2022-03-27,2022-03-21,2022-03-27,substantial,2.0,287.0
17031,IL,Illinois,Cook County,537.857,6,31546.0,1.46,32.43,1.7,2.5,2022-03-26,2022-03-20,2022-03-26,substantial,2.0,287.0
17031,IL,Illinois,Cook County,537.857,6,31759.43,1.4,34.14,1.7,2.6,2022-03-25,2022-03-19,2022-03-25,substantial,2.0,287.0
17031,IL,Illinois,Cook County,5399.14,17,58915.29,11.31,180.29,11.67,19.93,2021-12-22,2021-12-16,2021-12-22,high,3.0,
17031,IL,Illinois,Cook County,543.571,7.14286,34834.86,0.79,37.0,2.3,3.1,2022-03-14,2022-03-08,2022-03-14,substantial,2.0,287.0
17031,IL,Illinois,Cook County,544.571,7.57143,34305.86,0.82,36.86,2.4,3.3,2022-03-12,2022-03-06,2022-03-12,substantial,2.0,287.0
17031,IL,Illinois,Cook County,544.571,7.57143,34357.57,0.81,37.14,2.4,3.1,2022-03-13,2022-03-07,2022-03-13,substantial,2.0,287.0
17031,IL,Illinois,Cook County,544.571,7.57143,35592.71,0.83,37.71,2.4,3.3,2022-03-11,2022-03-05,2022-03-11,substantial,2.0,287.0
17031,IL,Illinois,Cook County,5472.29,16.7143,53099.0,14.32,218.71,13.23,21.25,2021-12-25,2021-12-19,2021-12-25,high,3.0,
17031,IL,Illinois,Cook County,5472.29,16.7143,54842.71,14.57,236.57,13.94,21.9,2021-12-26,2021-12-20,2021-12-26,high,3.0,
17031,IL,Illinois,Cook County,5472.29,16.7143,55870.0,13.64,210.71,12.6,20.81,2021-12-24,2021-12-18,2021-12-24,high,3.0,
17031,IL,Illinois,Cook County,549.286,6.57143,15026.0,5.03,34.43,3.32,7.29,2020-09-16,2020-09-10,2020-09-16,,,
17031,IL,Illinois,Cook County,553.857,9,13636.86,5.11,37.43,3.46,8.09,2020-07-29,2020-07-23,2020-07-29,,,
17031,IL,Illinois,Cook County,556,8.85714,13873.57,5.11,39.14,3.47,8.37,2020-07-30,2020-07-24,2020-07-30,,,
17031,IL,Illinois,Cook County,556.286,5.42857,15372.86,4.96,35.0,3.29,7.29,2020-09-18,2020-09-12,2020-09-18,,,
17031,IL,Illinois,Cook County,557.286,3.14286,17897.57,3.81,48.14,2.24,4.03,2021-08-04,2021-07-29,2021-08-04,substantial,2.0,
17031,IL,Illinois,Cook County,559,7.71429,13794.71,5.01,42.86,3.43,7.6,2020-07-26,2020-07-20,2020-07-26,,,
17031,IL,Illinois,Cook County,560.143,9.42857,18081.29,3.1,55.86,3.69,6.48,2021-03-15,2021-03-09,2021-03-15,substantial,2.0,
17031,IL,Illinois,Cook County,560.857,2.71429,17051.57,3.79,46.57,2.14,3.8,2021-08-03,2021-07-28,2021-08-03,substantial,2.0,
17031,IL,Illinois,Cook County,560.857,8.85714,17901.14,3.06,55.29,3.72,6.45,2021-03-13,2021-03-07,2021-03-13,substantial,2.0,
17031,IL,Illinois,Cook County,561.714,11.1429,18254.57,2.82,73.29,5.17,10.34,2021-05-23,2021-05-17,2021-05-23,substantial,2.0,
17031,IL,Illinois,Cook County,562.143,5.71429,31149.0,1.51,31.71,1.6,2.2,2022-03-28,2022-03-22,2022-03-28,substantial,2.0,287.0
17031,IL,Illinois,Cook County,565.143,9.28571,13659.57,5.07,39.29,3.39,7.75,2020-07-27,2020-07-21,2020-07-27,,,
17031,IL,Illinois,Cook County,566.571,11.8571,17925.43,2.73,71.57,5.08,10.18,2021-05-24,2021-05-18,2021-05-24,substantial,2.0,
17031,IL,Illinois,Cook County,5669,30.5714,59919.14,11.85,352.29,26.64,30.98,2022-01-17,2022-01-11,2022-01-17,high,3.0,
17031,IL,Illinois,Cook County,567,17,16333.29,3.41,62.71,5.06,9.56,2021-02-22,2021-02-16,2021-02-22,substantial,2.0,
17031,IL,Illinois,Cook County,568.143,9.85714,13823.0,5.03,38.57,3.41,7.82,2020-07-28,2020-07-22,2020-07-28,,,
17031,IL,Illinois,Cook County,574.429,17,15669.0,3.55,63.29,5.21,9.67,2021-02-21,2021-02-15,2021-02-21,substantial,2.0,
17031,IL,Illinois,Cook County,575.714,6.28571,15192.86,4.92,33.29,3.31,7.32,2020-09-17,2020-09-11,2020-09-17,,,
17031,IL,Illinois,Cook County,576.571,11,18381.86,2.88,73.71,5.24,10.49,2021-05-22,2021-05-16,2021-05-22,substantial,2.0,
17031,IL,Illinois,Cook County,576.857,17.8571,15498.0,3.57,66.14,5.36,9.73,2021-02-20,2021-02-14,2021-02-20,substantial,2.0,
17031,IL,Illinois,Cook County,577.857,7.71429,35008.71,0.82,39.43,2.3,3.0,2022-03-15,2022-03-09,2022-03-15,substantial,2.0,287.0
17031,IL,Illinois,Cook County,578,3.42857,32289.86,1.6,31.29,1.6,1.6,2022-03-31,2022-03-25,2022-03-31,substantial,2.0,287.0
17031,IL,Illinois,Cook County,579.857,4.42857,31325.57,1.56,31.14,1.6,2.0,2022-03-29,2022-03-23,2022-03-29,substantial,2.0,287.0
17031,IL,Illinois,Cook County,580.429,15.4286,17568.14,3.28,61.43,4.94,9.43,2021-02-23,2021-02-17,2021-02-23,substantial,2.0,
17031,IL,Illinois,Cook County,583.143,9.14286,13874.29,5.19,39.86,3.44,8.63,2020-07-31,2020-07-25,2020-07-31,,,
17031,IL,Illinois,Cook County,583.571,18.8571,38673.71,1.18,57.0,3.8,6.7,2022-02-26,2022-02-20,2022-02-26,substantial,2.0,
17031,IL,Illinois,Cook County,583.571,18.8571,38792.14,1.16,57.29,3.7,6.5,2022-02-27,2022-02-21,2022-02-27,substantial,2.0,
17031,IL,Illinois,Cook County,583.571,18.8571,39015.29,1.24,56.14,3.9,6.9,2022-02-25,2022-02-19,2022-02-25,substantial,2.0,
17031,IL,Illinois,Cook County,584.143,8.71429,17991.14,3.08,55.0,3.69,6.51,2021-03-14,2021-03-08,2021-03-14,substantial,2.0,
17031,IL,Illinois,Cook County,584.857,3.85714,32045.0,1.73,29.57,1.6,1.5,2022-04-03,2022-03-28,2022-04-03,substantial,2.0,287.0
17031,IL,Illinois,Cook County,584.857,3.85714,32061.71,1.7,29.57,1.6,1.5,2022-04-02,2022-03-27,2022-04-02,substantial,2.0,287.0
17031,IL,Illinois,Cook County,584.857,3.85714,32264.86,1.64,30.29,1.6,1.6,2022-04-01,2022-03-26,2022-04-01,substantial,2.0,287.0
17031,IL,Illinois,Cook County,585.857,11.1429,18604.0,2.9,73.57,5.33,10.67,2021-05-21,2021-05-15,2021-05-21,substantial,2.0,
17031,IL,Illinois,Cook County,588.143,17.2857,15550.71,3.58,66.0,5.54,9.87,2021-02-19,2021-02-13,2021-02-19,substantial,2.0,
17031,IL,Illinois,Cook County,590,9.14286,14278.43,5.3,41.71,3.47,9.09,2020-08-02,2020-07-27,2020-08-02,,,
17031,IL,Illinois,Cook County,591.143,3.71429,31744.71,1.58,30.29,1.6,1.8,2022-03-30,2022-03-24,2022-03-30,substantial,2.0,287.0
17031,IL,Illinois,Cook County,591.571,3.71429,13461.57,5.19,36.86,3.45,7.29,2020-09-11,2020-09-05,2020-09-11,,,
17031,IL,Illinois,Cook County,594.857,12.8571,18958.29,2.91,72.43,5.42,10.74,2021-05-20,2021-05-14,2021-05-20,substantial,2.0,
17031,IL,Illinois,Cook County,596.571,8.42857,14093.29,5.27,41.0,3.46,8.83,2020-08-01,2020-07-26,2020-08-01,,,
17031,IL,Illinois,Cook County,598.143,12.7143,17056.43,2.81,54.0,4.09,6.79,2021-03-05,2021-02-27,2021-03-05,substantial,2.0,
17031,IL,Illinois,Cook County,600.571,13.4286,41260.71,0.86,39.57,2.8,4.5,2022-03-06,2022-02-28,2022-03-06,substantial,2.0,287.0
17031,IL,Illinois,Cook County,600.571,13.4286,41518.43,0.87,41.71,2.9,4.8,2022-03-05,2022-02-27,2022-03-05,substantial,2.0,287.0
17031,IL,Illinois,Cook County,600.571,13.4286,41680.86,0.88,42.86,3.1,5.0,2022-03-04,2022-02-26,2022-03-04,substantial,2.0,287.0
17031,IL,Illinois,Cook County,602.857,13.8571,17833.14,3.33,59.57,4.73,9.07,2021-02-25,2021-02-19,2021-02-25,substantial,2.0,
17031,IL,Illinois,Cook County,603.429,4.14286,15072.14,4.99,35.14,3.32,7.38,2020-09-19,2020-09-13,2020-09-19,,,
17031,IL,Illinois,Cook County,604.571,10,18529.71,3.24,58.0,3.71,6.43,2021-03-17,2021-03-11,2021-03-17,substantial,2.0,
17031,IL,Illinois,Cook County,604.714,10.5714,18117.0,3.17,58.86,3.71,6.5,2021-03-16,2021-03-10,2021-03-16,substantial,2.0,
17031,IL,Illinois,Cook County,604.857,12,20162.29,2.97,77.71,5.9,11.2,2021-05-17,2021-05-11,2021-05-17,substantial,2.0,
17031,IL,Illinois,Cook County,605.571,7.85714,14150.14,5.35,40.43,3.5,9.15,2020-08-03,2020-07-28,2020-08-03,,,
17031,IL,Illinois,Cook County,608.714,16.4286,17361.43,3.33,59.0,4.82,9.16,2021-02-24,2021-02-18,2021-02-24,substantial,2.0,
17031,IL,Illinois,Cook County,609,12.4286,19414.14,2.92,75.43,5.59,10.9,2021-05-19,2021-05-13,2021-05-19,substantial,2.0,
17031,IL,Illinois,Cook County,609.143,11.5714,19861.86,2.95,77.14,5.73,10.96,2021-05-18,2021-05-12,2021-05-18,substantial,2.0,
17031,IL,Illinois,Cook County,609.429,11,17736.86,3.01,55.0,3.79,6.34,2021-03-11,2021-03-05,2021-03-11,substantial,2.0,
17031,IL,Illinois,Cook County,612.429,4.14286,14823.71,4.92,35.0,3.32,7.46,2020-09-20,2020-09-14,2020-09-20,,,
17031,IL,Illinois,Cook County,6134.14,18.2857,58646.57,12.57,196.71,12.1,20.33,2021-12-23,2021-12-17,2021-12-23,high,3.0,
17031,IL,Illinois,Cook County,614.714,6.42857,13606.0,5.45,40.86,3.53,9.29,2020-08-04,2020-07-29,2020-08-04,,,
17031,IL,Illinois,Cook County,615.571,4.71429,15175.86,4.82,33.71,3.34,7.51,2020-09-21,2020-09-15,2020-09-21,,,
17031,IL,Illinois,Cook County,617.286,5.85714,15470.86,5.51,39.57,3.43,6.88,2020-09-03,2020-08-28,2020-09-03,,,
17031,IL,Illinois,Cook County,617.714,43,7881.71,8.25,0.0,0.0,0.0,2020-06-08,2020-06-02,2020-06-08,,,
17031,IL,Illinois,Cook County,624.571,18.4286,36962.57,1.38,56.0,4.1,7.1,2022-02-24,2022-02-18,2022-02-24,substantial,2.0,
17031,IL,Illinois,Cook County,624.857,3.28571,32242.43,1.81,29.14,1.6,1.5,2022-04-04,2022-03-29,2022-04-04,substantial,2.0,287.0
17031,IL,Illinois,Cook County,625.286,4.85714,15453.57,4.75,35.57,3.31,7.47,2020-09-23,2020-09-17,2020-09-23,,,
17031,IL,Illinois,Cook County,626.857,5,15643.71,4.74,33.71,3.33,7.54,2020-09-22,2020-09-16,2020-09-22,,,
17031,IL,Illinois,Cook County,627.571,8.42857,17602.14,2.96,53.86,3.83,6.33,2021-03-10,2021-03-04,2021-03-10,substantial,2.0,
17031,IL,Illinois,Cook County,629.286,17.1429,15230.86,3.67,64.14,5.68,10.06,2021-02-18,2021-02-12,2021-02-18,substantial,2.0,
17031,IL,Illinois,Cook County,629.429,9.71429,17806.86,3.02,55.43,3.75,6.39,2021-03-12,2021-03-06,2021-03-12,substantial,2.0,
17031,IL,Illinois,Cook County,629.857,14.1429,17393.43,2.92,56.43,4.22,7.36,2021-03-03,2021-02-25,2021-03-03,substantial,2.0,
17031,IL,Illinois,Cook County,6298.57,57.2857,56354.29,5.49,203.43,18.03,24.63,2022-01-27,2022-01-21,2022-01-27,high,3.0,
17031,IL,Illinois,Cook County,63.5714,3.14286,15952.57,0.48,17.71,1.3,2.94,2021-06-30,2021-06-24,2021-06-30,low,0.0,
17031,IL,Illinois,Cook County,631.429,3,18689.43,3.87,48.14,2.35,4.25,2021-08-05,2021-07-30,2021-08-05,substantial,2.0,
17031,IL,Illinois,Cook County,632,6.42857,13341.86,5.45,41.71,3.56,9.29,2020-08-05,2020-07-30,2020-08-05,,,
17031,IL,Illinois,Cook County,633.857,5.71429,16014.14,4.82,34.86,3.25,7.34,2020-09-24,2020-09-18,2020-09-24,,,
17031,IL,Illinois,Cook County,634.857,6,15514.71,5.51,42.43,3.44,6.87,2020-09-02,2020-08-27,2020-09-02,,,
17031,IL,Illinois,Cook County,635.571,14.5714,43716.0,0.89,45.0,3.2,5.4,2022-03-03,2022-02-25,2022-03-03,substantial,2.0,287.0
17031,IL,Illinois,Cook County,636.143,15.5714,17124.57,3.01,55.14,4.27,7.68,2021-03-02,2021-02-24,2021-03-02,substantial,2.0,
17031,IL,Illinois,Cook County,636.857,12.5714,20442.14,3.02,81.0,6.11,11.38,2021-05-16,2021-05-10,2021-05-16,substantial,2.0,
17031,IL,Illinois,Cook County,637.429,15,17318.0,3.14,57.29,4.46,8.28,2021-02-28,2021-02-22,2021-02-28,substantial,2.0,
17031,IL,Illinois,Cook County,637.571,5.71429,13148.0,5.46,40.71,3.58,9.08,2020-08-06,2020-07-31,2020-08-06,,,
17031,IL,Illinois,Cook County,639.429,12.4286,17346.14,2.89,54.14,3.96,6.26,2021-03-08,2021-03-02,2021-03-08,substantial,2.0,
17031,IL,Illinois,Cook County,639.857,4.14286,14856.71,5.69,37.57,3.44,7.4,2020-08-15,2020-08-09,2020-08-15,,,
17031,IL,Illinois,Cook County,64.1429,2.71429,17960.71,0.45,19.43,1.56,3.44,2021-06-23,2021-06-17,2021-06-23,low,0.0,
17031,IL,Illinois,Cook County,64.2857,2.71429,18346.0,0.43,19.14,1.52,3.32,2021-06-24,2021-06-18,2021-06-24,low,0.0,
17031,IL,Illinois,Cook County,641,13.4286,17342.57,2.86,54.29,4.0,6.43,2021-03-07,2021-03-01,2021-03-07,substantial,2.0,
17031,IL,Illinois,Cook County,641.857,14.7143,43137.71,0.92,48.86,3.3,5.6,2022-03-02,2022-02-24,2022-03-02,substantial,2.0,287.0
17031,IL,Illinois,Cook County,642,13,17282.14,3.07,56.57,4.37,8.01,2021-03-01,2021-02-23,2021-03-01,substantial,2.0,
17031,IL,Illinois,Cook County,642.143,18,37324.86,1.5,58.57,4.3,7.4,2022-02-23,2022-02-17,2022-02-23,substantial,2.0,
17031,IL,Illinois,Cook County,643.143,43.1429,7604.57,8.73,0.0,0.0,0.0,2020-06-07,2020-06-01,2020-06-07,,,
17031,IL,Illinois,Cook County,643.429,14.8571,17637.0,3.24,56.14,4.63,8.88,2021-02-26,2021-02-20,2021-02-26,substantial,2.0,
17031,IL,Illinois,Cook County,644,6.57143,16153.29,4.86,36.14,3.22,6.99,2020-09-26,2020-09-20,2020-09-26,,,
17031,IL,Illinois,Cook County,644.143,4.85714,13602.57,5.5,40.43,3.57,8.58,2020-08-07,2020-08-01,2020-08-07,,,
17031,IL,Illinois,Cook County,644.714,4.85714,14926.0,5.76,42.43,3.48,7.64,2020-08-16,2020-08-10,2020-08-16,,,
17031,IL,Illinois,Cook County,645.143,3.57143,33652.57,1.85,32.0,1.6,1.5,2022-04-05,2022-03-30,2022-04-05,substantial,2.0,287.0
17031,IL,Illinois,Cook County,646.714,8.14286,17486.71,2.91,53.86,3.91,6.24,2021-03-09,2021-03-03,2021-03-09,substantial,2.0,
17031,IL,Illinois,Cook County,649.429,6.85714,16388.71,5.01,36.0,3.23,6.85,2020-09-27,2020-09-21,2020-09-27,,,
17031,IL,Illinois,Cook County,65.1429,2.71429,18118.14,0.41,16.57,1.37,3.15,2021-06-28,2021-06-22,2021-06-28,low,0.0,
17031,IL,Illinois,Cook County,65.4286,2.28571,12493.0,0.67,16.0,1.17,2.46,2021-07-04,2021-06-28,2021-07-04,low,0.0,
17031,IL,Illinois,Cook County,65.4286,2.28571,13428.14,0.63,16.71,1.21,2.62,2021-07-03,2021-06-27,2021-07-03,low,0.0,
17031,IL,Illinois,Cook County,65.4286,2.28571,14501.29,0.56,17.29,1.24,2.77,2021-07-02,2021-06-26,2021-07-02,low,0.0,
17031,IL,Illinois,Cook County,650.571,13.7143,17184.86,2.83,53.57,4.05,6.62,2021-03-06,2021-02-28,2021-03-06,substantial,2.0,
17031,IL,Illinois,Cook County,651,5.42857,15928.29,5.67,43.29,3.37,7.51,2020-08-29,2020-08-23,2020-08-29,,,
17031,IL,Illinois,Cook County,652.143,15.1429,17417.29,3.19,55.86,4.55,8.61,2021-02-27,2021-02-21,2021-02-27,substantial,2.0,
17031,IL,Illinois,Cook County,652.714,6.14286,15642.86,5.48,44.71,3.41,6.97,2020-09-01,2020-08-26,2020-09-01,,,
17031,IL,Illinois,Cook County,653.571,15.7143,38411.29,1.58,60.71,4.5,7.8,2022-02-22,2022-02-16,2022-02-22,substantial,2.0,
17031,IL,Illinois,Cook County,659.857,3.57143,14523.29,5.5,34.71,3.46,7.24,2020-08-12,2020-08-06,2020-08-12,,,
17031,IL,Illinois,Cook County,659.857,7,16631.86,4.94,38.0,3.32,6.8,2020-09-29,2020-09-23,2020-09-29,,,
17031,IL,Illinois,Cook County,66.2857,3,17815.14,0.42,18.0,1.33,3.08,2021-06-29,2021-06-23,2021-06-29,low,0.0,
17031,IL,Illinois,Cook County,66.7143,6,16842.0,0.53,23.57,1.84,4.0,2021-06-19,2021-06-13,2021-06-19,low,0.0,
17031,IL,Illinois,Cook County,661.286,14.2857,17304.57,2.85,53.29,4.15,7.05,2021-03-04,2021-02-26,2021-03-04,substantial,2.0,
17031,IL,Illinois,Cook County,662.143,6.28571,15935.14,4.78,35.57,3.23,7.15,2020-09-25,2020-09-19,2020-09-25,,,
17031,IL,Illinois,Cook County,662.571,4.42857,14955.43,5.59,33.57,3.42,7.12,2020-08-13,2020-08-07,2020-08-13,,,
17031,IL,Illinois,Cook County,665,19,43041.43,0.97,53.71,3.5,6.0,2022-03-01,2022-02-23,2022-03-01,substantial,2.0,287.0
17031,IL,Illinois,Cook County,666.857,13.1429,20450.43,3.07,82.43,6.35,11.59,2021-05-15,2021-05-09,2021-05-15,substantial,2.0,
17031,IL,Illinois,Cook County,667.143,7.14286,18544.86,3.31,57.57,3.72,6.39,2021-03-18,2021-03-12,2021-03-18,substantial,2.0,
17031,IL,Illinois,Cook County,667.429,5.14286,15045.71,5.8,42.57,3.48,7.72,2020-08-17,2020-08-11,2020-08-17,,,
17031,IL,Illinois,Cook County,669.571,5.85714,15402.71,5.81,45.14,3.51,7.74,2020-08-18,2020-08-12,2020-08-18,,,
17031,IL,Illinois,Cook County,670.714,5.85714,15943.57,5.56,43.57,3.38,7.39,2020-08-30,2020-08-24,2020-08-30,,,
17031,IL,Illinois,Cook County,671.429,6.14286,15898.0,5.47,43.0,3.38,7.17,2020-08-31,2020-08-25,2020-08-31,,,
17031,IL,Illinois,Cook County,671.571,4.42857,13956.71,5.4,38.0,3.53,7.64,2020-08-10,2020-08-04,2020-08-10,,,
17031,IL,Illinois,Cook County,671.714,6.42857,16716.14,4.73,36.29,3.46,6.78,2020-10-02,2020-09-26,2020-10-02,,,
17031,IL,Illinois,Cook County,674.571,4.42857,14486.0,5.55,35.43,3.43,7.31,2020-08-14,2020-08-08,2020-08-14,,,
17031,IL,Illinois,Cook County,674.571,6,16383.57,4.77,38.43,3.43,6.76,2020-10-01,2020-09-25,2020-10-01,,,
17031,IL,Illinois,Cook County,6740.14,59.5714,58933.43,6.03,214.43,18.9,25.45,2022-01-26,2022-01-20,2022-01-26,high,3.0,
17031,IL,Illinois,Cook County,675.857,3.71429,19067.71,3.97,51.57,2.51,4.44,2021-08-06,2021-07-31,2021-08-06,substantial,2.0,
17031,IL,Illinois,Cook County,675.857,3.71429,19367.71,4.02,52.71,2.63,4.5,2021-08-07,2021-08-01,2021-08-07,substantial,2.0,
17031,IL,Illinois,Cook County,675.857,3.71429,19648.71,4.08,55.43,2.77,4.64,2021-08-08,2021-08-02,2021-08-08,substantial,2.0,
17031,IL,Illinois,Cook County,676,7.14286,16610.14,4.97,38.57,3.26,6.8,2020-09-28,2020-09-22,2020-09-28,,,
17031,IL,Illinois,Cook County,676.286,4.85714,13830.86,5.49,36.57,3.54,7.85,2020-08-09,2020-08-03,2020-08-09,,,
17031,IL,Illinois,Cook County,676.286,5.14286,13829.57,5.45,39.57,3.56,8.29,2020-08-08,2020-08-02,2020-08-08,,,
17031,IL,Illinois,Cook County,677.143,4.42857,14100.43,5.53,35.86,3.49,7.39,2020-08-11,2020-08-05,2020-08-11,,,
17031,IL,Illinois,Cook County,678.143,6.57143,17012.43,4.67,38.0,3.55,6.9,2020-10-04,2020-09-28,2020-10-04,,,
17031,IL,Illinois,Cook County,679.571,20.8571,15725.71,3.82,66.29,5.89,10.45,2021-02-17,2021-02-11,2021-02-17,substantial,2.0,
17031,IL,Illinois,Cook County,679.571,6,16720.86,4.73,36.29,3.49,6.83,2020-10-03,2020-09-27,2020-10-03,,,
17031,IL,Illinois,Cook County,680.571,7.57143,40652.0,1.67,41.29,3.38,6.38,2021-10-27,2021-10-21,2021-10-27,substantial,2.0,
17031,IL,Illinois,Cook County,681.143,11.2857,20438.29,3.21,83.71,6.52,11.83,2021-05-14,2021-05-08,2021-05-14,substantial,2.0,
17031,IL,Illinois,Cook County,683.571,3.85714,13340.29,5.29,38.0,3.43,7.27,2020-09-09,2020-09-03,2020-09-09,,,
17031,IL,Illinois,Cook County,683.714,8.42857,37661.57,1.79,51.14,3.88,7.03,2021-10-17,2021-10-11,2021-10-17,substantial,2.0,
17031,IL,Illinois,Cook County,683.714,8.42857,37867.86,1.83,55.14,4.05,7.6,2021-10-15,2021-10-09,2021-10-15,substantial,2.0,
17031,IL,Illinois,Cook County,683.714,8.42857,37943.14,1.81,53.43,3.97,7.28,2021-10-16,2021-10-10,2021-10-16,substantial,2.0,
17031,IL,Illinois,Cook County,686.429,44.2857,7595.0,8.93,0.0,0.0,0.0,2020-06-06,2020-05-31,2020-06-06,,,
17031,IL,Illinois,Cook County,687.429,6.14286,17052.57,4.73,38.0,3.6,6.97,2020-10-05,2020-09-29,2020-10-05,,,
17031,IL,Illinois,Cook County,690.143,7.28571,40950.57,1.61,46.29,3.58,6.41,2021-10-21,2021-10-15,2021-10-21,substantial,2.0,
17031,IL,Illinois,Cook County,691.286,6.42857,16855.43,4.93,36.29,3.4,6.76,2020-09-30,2020-09-24,2020-09-30,,,
17031,IL,Illinois,Cook County,692.714,8.14286,40765.14,1.64,48.86,3.65,6.5,2021-10-20,2021-10-14,2021-10-20,substantial,2.0,
17031,IL,Illinois,Cook County,698.714,6.71429,17162.29,4.83,41.0,3.65,7.15,2020-10-06,2020-09-30,2020-10-06,,,
17031,IL,Illinois,Cook County,699.286,8.71429,37649.43,1.89,53.86,4.11,7.79,2021-10-14,2021-10-08,2021-10-14,substantial,2.0,
17031,IL,Illinois,Cook County,70.7143,2.57143,15240.14,0.51,17.29,1.28,2.89,2021-07-01,2021-06-25,2021-07-01,low,0.0,
17031,IL,Illinois,Cook County,701.571,9.28571,40619.14,1.66,51.0,3.72,6.6,2021-10-19,2021-10-13,2021-10-19,substantial,2.0,
17031,IL,Illinois,Cook County,702.857,6.57143,15699.86,5.85,49.86,3.52,8.06,2020-08-21,2020-08-15,2020-08-21,,,
17031,IL,Illinois,Cook County,704.143,6.85714,15425.86,5.62,44.29,3.36,7.65,2020-08-28,2020-08-22,2020-08-28,,,
17031,IL,Illinois,Cook County,704.857,7.28571,15193.29,5.85,46.29,3.36,7.79,2020-08-27,2020-08-21,2020-08-27,,,
17031,IL,Illinois,Cook County,705.429,6.85714,17507.43,4.96,45.43,3.72,7.41,2020-10-07,2020-10-01,2020-10-07,,,
17031,IL,Illinois,Cook County,706.143,7.14286,18644.86,3.4,56.43,3.73,6.33,2021-03-19,2021-03-13,2021-03-19,substantial,2.0,
17031,IL,Illinois,Cook County,707.286,3.28571,13485.14,5.22,39.57,3.45,7.26,2020-09-10,2020-09-04,2020-09-10,,,
17031,IL,Illinois,Cook County,708.714,8.57143,40176.14,1.73,43.71,3.39,6.4,2021-10-28,2021-10-22,2021-10-28,substantial,2.0,
17031,IL,Illinois,Cook County,709.714,7.14286,15526.86,5.85,47.71,3.53,7.84,2020-08-19,2020-08-13,2020-08-19,,,
17031,IL,Illinois,Cook County,709.857,6.42857,15469.86,5.67,50.0,3.54,7.97,2020-08-20,2020-08-14,2020-08-20,,,
17031,IL,Illinois,Cook County,710.286,5.85714,15393.29,5.52,41.71,3.43,6.94,2020-09-04,2020-08-29,2020-09-04,,,
17031,IL,Illinois,Cook County,713.286,8.14286,40605.43,1.66,40.14,3.39,6.37,2021-10-26,2021-10-20,2021-10-26,substantial,2.0,
17031,IL,Illinois,Cook County,714.286,6.57143,40488.29,1.62,43.0,3.47,6.37,2021-10-23,2021-10-17,2021-10-23,substantial,2.0,
17031,IL,Illinois,Cook County,714.286,6.57143,40734.57,1.62,42.29,3.5,6.34,2021-10-22,2021-10-16,2021-10-22,substantial,2.0,
17031,IL,Illinois,Cook County,714.286,6.57143,41071.71,1.63,42.71,3.44,6.38,2021-10-24,2021-10-18,2021-10-24,substantial,2.0,
17031,IL,Illinois,Cook County,714.714,7,40429.57,1.66,40.57,3.4,6.38,2021-10-25,2021-10-19,2021-10-25,substantial,2.0,
17031,IL,Illinois,Cook County,715.286,8.14286,40583.86,1.78,44.0,3.39,6.41,2021-10-29,2021-10-23,2021-10-29,substantial,2.0,
17031,IL,Illinois,Cook County,715.286,8.14286,40822.14,1.85,43.57,3.38,6.23,2021-10-31,2021-10-25,2021-10-31,substantial,2.0,
17031,IL,Illinois,Cook County,715.286,8.14286,41049.57,1.8,43.86,3.38,6.3,2021-10-30,2021-10-24,2021-10-30,substantial,2.0,
17031,IL,Illinois,Cook County,7151.57,66.2857,62017.57,6.62,232.0,19.84,26.33,2022-01-25,2022-01-19,2022-01-25,high,3.0,
17031,IL,Illinois,Cook County,719.429,8.14286,25542.43,3.59,75.43,5.54,11.12,2021-09-06,2021-08-31,2021-09-06,substantial,2.0,
17031,IL,Illinois,Cook County,7190.43,47.2857,58913.29,9.77,292.43,24.47,30.34,2022-01-20,2022-01-14,2022-01-20,high,3.0,
17031,IL,Illinois,Cook County,720.714,5.57143,13494.71,5.56,39.86,3.46,7.12,2020-09-07,2020-09-01,2020-09-07,,,
17031,IL,Illinois,Cook County,723,9.28571,40179.86,2.11,59.0,4.72,9.23,2021-09-29,2021-09-23,2021-09-29,substantial,2.0,
17031,IL,Illinois,Cook County,725,5.71429,14753.0,5.58,41.43,3.43,7.05,2020-09-06,2020-08-31,2020-09-06,,,
17031,IL,Illinois,Cook County,725.429,44.2857,7734.0,9.32,0.0,0.0,0.0,2020-06-05,2020-05-30,2020-06-05,,,
17031,IL,Illinois,Cook County,725.714,4.71429,13408.71,5.57,39.71,3.45,7.21,2020-09-08,2020-09-02,2020-09-08,,,
17031,IL,Illinois,Cook County,727,10,40704.0,2.1,60.29,4.7,9.08,2021-09-30,2021-09-24,2021-09-30,substantial,2.0,
17031,IL,Illinois,Cook County,727.571,3.42857,34650.0,1.92,31.14,1.6,1.5,2022-04-06,2022-03-31,2022-04-06,substantial,2.0,287.0
17031,IL,Illinois,Cook County,73,4.42857,16482.0,0.49,19.71,1.62,3.55,2021-06-22,2021-06-16,2021-06-22,low,0.0,
17031,IL,Illinois,Cook County,73.4286,2.42857,18150.71,0.43,17.71,1.49,3.26,2021-06-25,2021-06-19,2021-06-25,low,0.0,
17031,IL,Illinois,Cook County,73.4286,2.42857,18507.14,0.41,16.86,1.45,3.24,2021-06-26,2021-06-20,2021-06-26,low,0.0,
17031,IL,Illinois,Cook County,73.4286,2.42857,18598.14,0.39,17.14,1.41,3.24,2021-06-27,2021-06-21,2021-06-27,low,0.0,
17031,IL,Illinois,Cook County,730,3.71429,35183.14,2.03,31.57,1.6,1.5,2022-04-07,2022-04-01,2022-04-07,substantial,2.0,287.0
17031,IL,Illinois,Cook County,730.429,21.8571,15964.71,3.91,67.14,6.08,10.68,2021-02-16,2021-02-10,2021-02-16,substantial,2.0,
17031,IL,Illinois,Cook County,737.143,6.71429,15441.0,5.77,46.14,3.36,7.92,2020-08-26,2020-08-20,2020-08-26,,,
17031,IL,Illinois,Cook County,738,8.71429,40684.71,2.09,60.57,4.66,8.99,2021-10-01,2021-09-25,2021-10-01,high,3.0,
17031,IL,Illinois,Cook County,738,8.71429,40759.43,2.06,60.14,4.63,8.83,2021-10-03,2021-09-27,2021-10-03,high,3.0,
17031,IL,Illinois,Cook County,738,8.71429,40863.43,2.1,59.0,4.65,8.93,2021-10-02,2021-09-26,2021-10-02,high,3.0,
17031,IL,Illinois,Cook County,738.571,8.42857,43148.43,1.93,45.86,3.48,6.09,2021-11-03,2021-10-28,2021-11-03,high,3.0,
17031,IL,Illinois,Cook County,739.714,6.85714,18762.57,3.41,59.86,3.8,6.23,2021-03-20,2021-03-14,2021-03-20,high,3.0,
17031,IL,Illinois,Cook County,746.143,7.85714,15041.71,5.83,49.29,3.51,8.05,2020-08-22,2020-08-16,2020-08-22,,,
17031,IL,Illinois,Cook County,746.714,4.71429,20305.43,4.18,58.14,3.04,4.92,2021-08-10,2021-08-04,2021-08-10,high,3.0,
17031,IL,Illinois,Cook County,747,6.85714,37702.0,1.91,57.29,4.23,8.16,2021-10-12,2021-10-06,2021-10-12,high,3.0,
17031,IL,Illinois,Cook County,747.429,4.14286,20128.14,4.06,56.29,2.91,4.76,2021-08-09,2021-08-03,2021-08-09,high,3.0,
17031,IL,Illinois,Cook County,748,10.2857,39966.86,2.15,60.14,4.8,9.47,2021-09-28,2021-09-22,2021-09-28,high,3.0,
17031,IL,Illinois,Cook County,7484,18.5714,55601.29,15.3,249.57,14.66,22.45,2021-12-27,2021-12-21,2021-12-27,high,3.0,
17031,IL,Illinois,Cook County,75.2857,5.71429,17119.57,0.49,21.71,1.68,3.66,2021-06-21,2021-06-15,2021-06-21,moderate,1.0,
17031,IL,Illinois,Cook County,750.286,6.85714,15392.29,5.8,46.29,3.39,8.04,2020-08-25,2020-08-19,2020-08-25,,,
17031,IL,Illinois,Cook County,751,7.28571,15321.43,5.96,49.14,3.43,7.99,2020-08-24,2020-08-18,2020-08-24,,,
17031,IL,Illinois,Cook County,753.429,11.2857,21095.57,3.37,91.86,6.91,12.49,2021-05-12,2021-05-06,2021-05-12,high,3.0,
17031,IL,Illinois,Cook County,753.714,8.42857,18754.71,3.5,60.14,3.87,6.26,2021-03-21,2021-03-15,2021-03-21,high,3.0,
17031,IL,Illinois,Cook County,753.857,8,37228.57,1.91,57.86,4.19,7.98,2021-10-13,2021-10-07,2021-10-13,high,3.0,
17031,IL,Illinois,Cook County,757.714,19.2857,17448.29,3.86,69.43,6.24,11.05,2021-02-15,2021-02-09,2021-02-15,high,3.0,
17031,IL,Illinois,Cook County,758.714,8.28571,40844.71,1.88,44.0,3.42,6.21,2021-11-01,2021-10-26,2021-11-01,high,3.0,
17031,IL,Illinois,Cook County,759.714,7.14286,18128.0,5.25,46.14,3.86,7.72,2020-10-08,2020-10-02,2020-10-08,,,
17031,IL,Illinois,Cook County,762.571,9.57143,18948.86,3.76,66.29,4.1,6.52,2021-03-23,2021-03-17,2021-03-23,high,3.0,
17031,IL,Illinois,Cook County,764,7.28571,15065.71,5.9,47.14,3.47,8.0,2020-08-23,2020-08-17,2020-08-23,,,
17031,IL,Illinois,Cook County,765.714,18.4286,18144.86,3.83,71.14,6.43,11.49,2021-02-14,2021-02-08,2021-02-14,high,3.0,
17031,IL,Illinois,Cook County,767.429,7.71429,41542.14,1.91,44.29,3.44,6.17,2021-11-02,2021-10-27,2021-11-02,high,3.0,
17031,IL,Illinois,Cook County,770.857,11.4286,20914.0,3.28,90.71,6.75,12.21,2021-05-13,2021-05-07,2021-05-13,high,3.0,
17031,IL,Illinois,Cook County,772.429,46.7143,8090.86,9.69,0.0,0.0,0.0,2020-06-04,2020-05-29,2020-06-04,,,
17031,IL,Illinois,Cook County,78.1429,3.14286,10281.14,0.84,15.14,1.12,2.22,2021-07-06,2021-06-30,2021-07-06,moderate,1.0,
17031,IL,Illinois,Cook County,780.571,4.85714,45389.86,2.38,46.14,3.86,6.63,2021-11-11,2021-11-05,2021-11-11,high,3.0,
17031,IL,Illinois,Cook County,781.429,7.14286,18755.14,5.46,48.14,3.97,8.05,2020-10-09,2020-10-03,2020-10-09,,,
17031,IL,Illinois,Cook County,784.571,6.57143,14611.43,5.5,42.71,3.43,7.03,2020-09-05,2020-08-30,2020-09-05,,,
17031,IL,Illinois,Cook County,784.857,4.57143,20198.29,4.44,64.57,3.54,5.56,2021-08-13,2021-08-07,2021-08-13,high,3.0,
17031,IL,Illinois,Cook County,784.857,4.57143,20445.71,4.49,68.29,3.74,5.88,2021-08-14,2021-08-08,2021-08-14,high,3.0,
17031,IL,Illinois,Cook County,784.857,4.57143,20470.0,4.54,69.43,3.93,6.23,2021-08-15,2021-08-09,2021-08-15,high,3.0,
17031,IL,Illinois,Cook County,786.857,8.57143,39980.57,2.19,58.14,4.87,9.87,2021-09-27,2021-09-21,2021-09-27,high,3.0,
17031,IL,Illinois,Cook County,787.286,9.57143,18812.86,3.59,64.86,3.99,6.4,2021-03-22,2021-03-16,2021-03-22,high,3.0,
17031,IL,Illinois,Cook County,789.143,8.42857,40154.29,2.01,58.0,4.59,8.7,2021-10-04,2021-09-28,2021-10-04,high,3.0,
17031,IL,Illinois,Cook County,79.2857,7.28571,16685.71,0.55,24.14,1.93,4.19,2021-06-18,2021-06-12,2021-06-18,moderate,1.0,
17031,IL,Illinois,Cook County,7934.43,44.4286,59595.57,10.48,314.71,25.32,30.86,2022-01-19,2022-01-13,2022-01-19,high,3.0,
17031,IL,Illinois,Cook County,794.714,12,21646.86,3.44,95.29,7.05,12.73,2021-05-11,2021-05-05,2021-05-11,high,3.0,
17031,IL,Illinois,Cook County,796.143,4.28571,19868.86,4.37,64.71,3.38,5.25,2021-08-12,2021-08-06,2021-08-12,high,3.0,
17031,IL,Illinois,Cook County,800.143,17.7143,18310.29,3.96,73.0,6.6,11.85,2021-02-13,2021-02-07,2021-02-13,high,3.0,
17031,IL,Illinois,Cook County,807.714,8.14286,44318.71,2.02,44.57,3.59,6.21,2021-11-05,2021-10-30,2021-11-05,high,3.0,
17031,IL,Illinois,Cook County,807.714,8.14286,44355.43,2.03,44.29,3.66,6.38,2021-11-06,2021-10-31,2021-11-06,high,3.0,
17031,IL,Illinois,Cook County,807.714,8.14286,44773.14,2.04,45.86,3.71,6.47,2021-11-07,2021-11-01,2021-11-07,high,3.0,
17031,IL,Illinois,Cook County,809.714,2.42857,35151.0,2.12,32.86,1.6,1.5,2022-04-08,2022-04-02,2022-04-08,high,3.0,287.0
17031,IL,Illinois,Cook County,809.714,2.42857,35625.71,2.16,36.0,1.6,1.6,2022-04-09,2022-04-03,2022-04-09,high,3.0,287.0
17031,IL,Illinois,Cook County,809.714,2.42857,35685.43,2.25,36.86,1.6,1.6,2022-04-10,2022-04-04,2022-04-10,high,3.0,287.0
17031,IL,Illinois,Cook County,8092.86,49,57061.0,9.09,277.57,23.59,29.69,2022-01-21,2022-01-15,2022-01-21,high,3.0,
17031,IL,Illinois,Cook County,8092.86,49,59380.0,8.09,252.0,21.71,28.38,2022-01-23,2022-01-17,2022-01-23,high,3.0,
17031,IL,Illinois,Cook County,8092.86,49,59416.43,8.3,263.57,22.71,29.03,2022-01-22,2022-01-16,2022-01-22,high,3.0,
17031,IL,Illinois,Cook County,810.429,7.57143,19271.43,5.65,48.71,4.04,8.29,2020-10-10,2020-10-04,2020-10-10,,,
17031,IL,Illinois,Cook County,810.571,7.57143,44174.57,1.95,45.0,3.53,6.13,2021-11-04,2021-10-29,2021-11-04,high,3.0,
17031,IL,Illinois,Cook County,811.857,46.4286,8288.57,10.12,0.0,0.0,0.0,2020-06-03,2020-05-28,2020-06-03,,,
17031,IL,Illinois,Cook County,814.714,6.28571,46146.29,2.18,45.43,3.77,6.53,2021-11-09,2021-11-03,2021-11-09,high,3.0,
17031,IL,Illinois,Cook County,8197.86,21.8571,56643.0,15.92,269.86,15.51,22.99,2021-12-28,2021-12-22,2021-12-28,high,3.0,
17031,IL,Illinois,Cook County,820.143,4.14286,20269.29,4.26,60.86,3.2,5.03,2021-08-11,2021-08-05,2021-08-11,high,3.0,
17031,IL,Illinois,Cook County,820.143,9.57143,18937.71,4.13,72.14,4.33,6.77,2021-03-25,2021-03-19,2021-03-25,high,3.0,
17031,IL,Illinois,Cook County,836.286,53.1429,8647.86,10.36,0.0,0.0,0.0,2020-06-02,2020-05-27,2020-06-02,,,
17031,IL,Illinois,Cook County,839,8.71429,40568.86,1.91,56.71,4.31,8.21,2021-10-10,2021-10-04,2021-10-10,high,3.0,
17031,IL,Illinois,Cook County,839,8.71429,40989.86,1.91,56.57,4.36,8.27,2021-10-09,2021-10-03,2021-10-09,high,3.0,
17031,IL,Illinois,Cook County,839,8.71429,41453.71,1.89,56.29,4.4,8.34,2021-10-08,2021-10-02,2021-10-08,high,3.0,
17031,IL,Illinois,Cook County,84.1429,3.28571,10591.86,0.93,14.86,1.08,2.11,2021-07-07,2021-07-01,2021-07-07,moderate,1.0,
17031,IL,Illinois,Cook County,8401.57,21.2857,55281.86,16.96,289.57,16.42,23.74,2021-12-29,2021-12-23,2021-12-29,high,3.0,
17031,IL,Illinois,Cook County,841,10.8571,22089.57,3.54,97.71,7.16,12.86,2021-05-10,2021-05-04,2021-05-10,high,3.0,
17031,IL,Illinois,Cook County,842.143,6.85714,45026.57,2.09,46.0,3.74,6.49,2021-11-08,2021-11-02,2021-11-08,high,3.0,
17031,IL,Illinois,Cook County,843.429,7.71429,41191.57,1.99,53.57,4.53,8.63,2021-10-05,2021-09-29,2021-10-05,high,3.0,
17031,IL,Illinois,Cook County,846.714,23.8571,41538.86,1.04,57.57,3.6,6.3,2022-02-28,2022-02-22,2022-02-28,high,3.0,287.0
17031,IL,Illinois,Cook County,848.857,9.42857,18706.57,3.92,70.43,4.2,6.65,2021-03-24,2021-03-18,2021-03-24,high,3.0,
17031,IL,Illinois,Cook County,849.571,8.57143,41226.57,1.96,54.86,4.48,8.59,2021-10-06,2021-09-30,2021-10-06,high,3.0,
17031,IL,Illinois,Cook County,853.286,19.5714,18495.57,,78.29,6.77,12.22,2021-02-12,2021-02-06,2021-02-12,high,3.0,
17031,IL,Illinois,Cook County,8623.57,36.1429,58888.14,11.35,336.14,26.06,31.02,2022-01-18,2022-01-12,2022-01-18,high,3.0,
17031,IL,Illinois,Cook County,865.714,8.85714,39663.86,2.21,58.71,4.99,10.12,2021-09-26,2021-09-20,2021-09-26,high,3.0,
17031,IL,Illinois,Cook County,865.714,8.85714,39782.14,2.23,59.29,5.07,10.27,2021-09-25,2021-09-19,2021-09-25,high,3.0,
17031,IL,Illinois,Cook County,865.714,8.85714,39815.14,2.27,61.14,5.17,10.54,2021-09-24,2021-09-18,2021-09-24,high,3.0,
17031,IL,Illinois,Cook County,866.571,12.2857,22164.71,3.64,99.29,7.19,13.0,2021-05-09,2021-05-03,2021-05-09,high,3.0,
17031,IL,Illinois,Cook County,867.286,8,41190.43,1.91,58.29,4.44,8.5,2021-10-07,2021-10-01,2021-10-07,high,3.0,
17031,IL,Illinois,Cook County,868.286,12,22235.29,3.72,101.29,7.21,13.15,2021-05-08,2021-05-02,2021-05-08,high,3.0,
17031,IL,Illinois,Cook County,872,8.85714,38768.43,2.37,62.43,5.25,10.8,2021-09-23,2021-09-17,2021-09-23,high,3.0,
17031,IL,Illinois,Cook County,872.429,10.8571,18833.71,4.23,75.57,4.46,6.91,2021-03-26,2021-03-20,2021-03-26,high,3.0,
17031,IL,Illinois,Cook County,876.857,6.28571,19636.57,5.85,50.86,4.11,8.49,2020-10-11,2020-10-05,2020-10-11,,,
17031,IL,Illinois,Cook County,88,3.71429,10915.57,0.95,16.43,1.06,1.94,2021-07-08,2021-07-02,2021-07-08,moderate,1.0,
17031,IL,Illinois,Cook County,881.714,2,27250.0,3.28,33.57,1.6,1.7,2022-04-13,2022-04-07,2022-04-13,high,3.0,287.0
17031,IL,Illinois,Cook County,882.143,4.28571,20431.14,4.58,69.43,4.14,6.64,2021-08-16,2021-08-10,2021-08-16,high,3.0,
17031,IL,Illinois,Cook County,883,6.57143,20854.0,4.54,67.86,4.42,7.36,2021-08-18,2021-08-12,2021-08-18,high,3.0,
17031,IL,Illinois,Cook County,8836.86,22.2857,53456.29,18.65,356.57,20.4,27.24,2022-01-02,2021-12-27,2022-01-02,high,3.0,
17031,IL,Illinois,Cook County,8836.86,22.2857,53477.43,17.84,306.29,17.44,24.58,2021-12-30,2021-12-24,2021-12-30,high,3.0,
17031,IL,Illinois,Cook County,8836.86,22.2857,53958.86,18.14,326.86,18.46,25.39,2021-12-31,2021-12-25,2021-12-31,high,3.0,
17031,IL,Illinois,Cook County,8836.86,22.2857,54855.86,18.05,347.86,19.43,26.41,2022-01-01,2021-12-26,2022-01-01,high,3.0,
17031,IL,Illinois,Cook County,895.857,6.57143,21627.29,4.39,68.0,4.52,7.68,2021-08-19,2021-08-13,2021-08-19,high,3.0,
17031,IL,Illinois,Cook County,897.571,8.85714,38592.43,2.43,62.29,5.32,11.0,2021-09-22,2021-09-16,2021-09-22,high,3.0,
17031,IL,Illinois,Cook County,898.714,1.57143,30027.71,2.86,33.57,1.6,1.6,2022-04-12,2022-04-06,2022-04-12,high,3.0,287.0
17031,IL,Illinois,Cook County,899.429,22,18828.14,,82.57,6.96,12.55,2021-02-11,2021-02-05,2021-02-11,high,3.0,
17031,IL,Illinois,Cook County,903.143,4.57143,20867.14,4.54,68.86,4.31,6.98,2021-08-17,2021-08-11,2021-08-17,high,3.0,
17031,IL,Illinois,Cook County,906.286,8.57143,37817.57,2.51,66.0,5.38,10.99,2021-09-21,2021-09-15,2021-09-21,high,3.0,
17031,IL,Illinois,Cook County,906.857,11.1429,22979.0,3.97,99.86,7.23,13.22,2021-05-06,2021-04-30,2021-05-06,high,3.0,
17031,IL,Illinois,Cook County,909.429,10.1429,19032.14,4.42,77.0,4.62,7.16,2021-03-27,2021-03-21,2021-03-27,high,3.0,
17031,IL,Illinois,Cook County,916.857,20.4286,41312.57,1.71,71.86,5.9,10.4,2022-02-17,2022-02-11,2022-02-17,high,3.0,
17031,IL,Illinois,Cook County,920,6.28571,19659.57,6.23,51.14,4.19,8.61,2020-10-12,2020-10-06,2020-10-12,,,
17031,IL,Illinois,Cook County,920.571,7,19941.57,4.12,71.86,4.75,8.64,2021-08-24,2021-08-18,2021-08-24,high,3.0,
17031,IL,Illinois,Cook County,921.714,2.14286,33456.43,2.49,36.71,1.6,1.6,2022-04-11,2022-04-05,2022-04-11,high,3.0,287.0
17031,IL,Illinois,Cook County,927.429,7.28571,20460.86,4.12,68.71,4.72,8.41,2021-08-23,2021-08-17,2021-08-23,high,3.0,
17031,IL,Illinois,Cook County,931.857,17.1429,19104.0,,84.29,7.05,12.75,2021-02-10,2021-02-04,2021-02-10,high,3.0,
17031,IL,Illinois,Cook County,936.429,11.8571,22646.29,3.8,100.86,7.24,13.19,2021-05-07,2021-05-01,2021-05-07,high,3.0,
17031,IL,Illinois,Cook County,945.571,18.4286,19294.14,,86.0,7.17,13.02,2021-02-09,2021-02-03,2021-02-09,high,3.0,
17031,IL,Illinois,Cook County,946.714,3.28571,33175.86,4.01,85.0,5.94,9.91,2021-11-27,2021-11-21,2021-11-27,high,3.0,
17031,IL,Illinois,Cook County,946.714,3.28571,33344.29,4.06,85.0,6.11,10.24,2021-11-28,2021-11-22,2021-11-28,high,3.0,
17031,IL,Illinois,Cook County,946.714,3.28571,35266.57,3.81,81.0,5.77,9.59,2021-11-26,2021-11-20,2021-11-26,high,3.0,
17031,IL,Illinois,Cook County,947.571,20.8571,19308.0,,88.43,7.34,13.14,2021-02-08,2021-02-02,2021-02-08,high,3.0,
17031,IL,Illinois,Cook County,957.857,6.57143,20630.86,4.15,72.14,4.79,8.86,2021-08-25,2021-08-19,2021-08-25,high,3.0,
17031,IL,Illinois,Cook County,958.714,6.14286,22013.0,4.13,66.29,4.72,8.26,2021-08-22,2021-08-16,2021-08-22,high,3.0,
17031,IL,Illinois,Cook County,958.714,6.14286,22380.43,4.16,66.29,4.68,8.08,2021-08-21,2021-08-15,2021-08-21,high,3.0,
17031,IL,Illinois,Cook County,958.714,6.14286,22508.57,4.23,67.0,4.61,7.87,2021-08-20,2021-08-14,2021-08-20,high,3.0,
17031,IL,Illinois,Cook County,960.429,10.4286,39183.57,1.71,50.86,3.81,6.76,2021-10-18,2021-10-12,2021-10-18,high,3.0,
17031,IL,Illinois,Cook County,961.143,10.7143,36459.43,2.6,68.57,5.58,11.2,2021-09-17,2021-09-11,2021-09-17,high,3.0,
17031,IL,Illinois,Cook County,961.143,10.7143,36892.43,2.49,66.0,5.47,11.1,2021-09-19,2021-09-13,2021-09-19,high,3.0,
17031,IL,Illinois,Cook County,961.143,10.7143,36956.57,2.5,69.0,5.53,11.23,2021-09-18,2021-09-12,2021-09-18,high,3.0,
17031,IL,Illinois,Cook County,969.571,7.71429,28115.29,3.37,81.71,5.9,11.57,2021-09-10,2021-09-04,2021-09-10,high,3.0,
17031,IL,Illinois,Cook County,969.571,7.71429,28634.71,3.36,80.29,5.89,11.47,2021-09-11,2021-09-05,2021-09-11,high,3.0,
17031,IL,Illinois,Cook County,969.571,7.71429,29084.14,3.29,78.86,5.86,11.44,2021-09-12,2021-09-06,2021-09-12,high,3.0,
17031,IL,Illinois,Cook County,970.143,10.1429,37498.71,2.48,65.29,5.43,10.98,2021-09-20,2021-09-14,2021-09-20,high,3.0,
17031,IL,Illinois,Cook County,971.571,8.85714,19316.0,4.51,80.71,4.77,7.47,2021-03-28,2021-03-22,2021-03-28,high,3.0,
17031,IL,Illinois,Cook County,975.857,2,22662.86,4.43,29.29,1.4,1.5,2022-04-17,2022-04-11,2022-04-17,high,3.0,287.0
17031,IL,Illinois,Cook County,975.857,2,22781.86,4.4,28.86,1.5,1.5,2022-04-16,2022-04-10,2022-04-16,high,3.0,287.0
17031,IL,Illinois,Cook County,975.857,2,23588.86,4.11,30.29,1.5,1.6,2022-04-15,2022-04-09,2022-04-15,high,3.0,287.0
17031,IL,Illinois,Cook County,979.286,5.85714,46534.71,2.25,45.86,3.82,6.6,2021-11-10,2021-11-04,2021-11-10,high,3.0,
17031,IL,Illinois,Cook County,98.7143,8.14286,16904.86,0.56,23.71,2.02,4.33,2021-06-17,2021-06-11,2021-06-17,moderate,1.0,
17031,IL,Illinois,Cook County,986.143,11.4286,25458.14,3.65,80.14,5.74,11.6,2021-09-08,2021-09-02,2021-09-08,high,3.0,
17031,IL,Illinois,Cook County,988.571,20.1429,19355.71,,92.0,7.52,13.3,2021-02-07,2021-02-01,2021-02-07,high,3.0,
17031,IL,Illinois,Cook County,9925.57,43,63212.86,12.37,368.71,27.07,30.91,2022-01-16,2022-01-10,2022-01-16,high,3.0,
17031,IL,Illinois,Cook County,9925.57,43,66052.86,12.78,386.57,27.32,30.95,2022-01-15,2022-01-09,2022-01-15,high,3.0,
17031,IL,Illinois,Cook County,9925.57,43,68303.14,13.23,402.29,27.54,30.89,2022-01-14,2022-01-08,2022-01-14,high,3.0,
17031,IL,Illinois,Cook County,995.857,9.42857,20696.57,4.3,72.0,4.86,8.99,2021-08-26,2021-08-20,2021-08-26,high,3.0,
17031,IL,Illinois,Cook County,998.286,7.71429,26436.29,3.5,82.57,5.82,11.64,2021-09-09,2021-09-03,2021-09-09,high,3.0,
17031,IL,Illinois,Cook County,999.714,21.7143,19453.71,,91.29,7.69,13.4,2021-02-06,2021-01-31,2021-02-06,high,3.0,
